-- --------------------------------------------------------
-- Host:                         127.0.0.1
-- Versión del servidor:         8.0.33 - MySQL Community Server - GPL
-- SO del servidor:              Win64
-- HeidiSQL Versión:             12.4.0.6659
-- --------------------------------------------------------

/*!40101 SET @OLD_CHARACTER_SET_CLIENT=@@CHARACTER_SET_CLIENT */;
/*!40101 SET NAMES utf8 */;
/*!50503 SET NAMES utf8mb4 */;
/*!40103 SET @OLD_TIME_ZONE=@@TIME_ZONE */;
/*!40103 SET TIME_ZONE='+00:00' */;
/*!40014 SET @OLD_FOREIGN_KEY_CHECKS=@@FOREIGN_KEY_CHECKS, FOREIGN_KEY_CHECKS=0 */;
/*!40101 SET @OLD_SQL_MODE=@@SQL_MODE, SQL_MODE='NO_AUTO_VALUE_ON_ZERO' */;
/*!40111 SET @OLD_SQL_NOTES=@@SQL_NOTES, SQL_NOTES=0 */;

-- Volcando datos para la tabla bibliolinedb.auth_group: ~0 rows (aproximadamente)

-- Volcando datos para la tabla bibliolinedb.auth_group_permissions: ~0 rows (aproximadamente)

-- Volcando datos para la tabla bibliolinedb.auth_permission: ~48 rows (aproximadamente)
INSERT INTO `auth_permission` (`id`, `name`, `content_type_id`, `codename`) VALUES
	(1, 'Can add log entry', 1, 'add_logentry'),
	(2, 'Can change log entry', 1, 'change_logentry'),
	(3, 'Can delete log entry', 1, 'delete_logentry'),
	(4, 'Can view log entry', 1, 'view_logentry'),
	(5, 'Can add permission', 2, 'add_permission'),
	(6, 'Can change permission', 2, 'change_permission'),
	(7, 'Can delete permission', 2, 'delete_permission'),
	(8, 'Can view permission', 2, 'view_permission'),
	(9, 'Can add group', 3, 'add_group'),
	(10, 'Can change group', 3, 'change_group'),
	(11, 'Can delete group', 3, 'delete_group'),
	(12, 'Can view group', 3, 'view_group'),
	(13, 'Can add user', 4, 'add_user'),
	(14, 'Can change user', 4, 'change_user'),
	(15, 'Can delete user', 4, 'delete_user'),
	(16, 'Can view user', 4, 'view_user'),
	(17, 'Can add content type', 5, 'add_contenttype'),
	(18, 'Can change content type', 5, 'change_contenttype'),
	(19, 'Can delete content type', 5, 'delete_contenttype'),
	(20, 'Can view content type', 5, 'view_contenttype'),
	(21, 'Can add session', 6, 'add_session'),
	(22, 'Can change session', 6, 'change_session'),
	(23, 'Can delete session', 6, 'delete_session'),
	(24, 'Can view session', 6, 'view_session'),
	(25, 'Can add category', 7, 'add_category'),
	(26, 'Can change category', 7, 'change_category'),
	(27, 'Can delete category', 7, 'delete_category'),
	(28, 'Can view category', 7, 'view_category'),
	(29, 'Can add customer', 8, 'add_customer'),
	(30, 'Can change customer', 8, 'change_customer'),
	(31, 'Can delete customer', 8, 'delete_customer'),
	(32, 'Can view customer', 8, 'view_customer'),
	(33, 'Can add products', 9, 'add_products'),
	(34, 'Can change products', 9, 'change_products'),
	(35, 'Can delete products', 9, 'delete_products'),
	(36, 'Can view products', 9, 'view_products'),
	(37, 'Can add order', 10, 'add_order'),
	(38, 'Can change order', 10, 'change_order'),
	(39, 'Can delete order', 10, 'delete_order'),
	(40, 'Can view order', 10, 'view_order'),
	(41, 'Can add country', 11, 'add_country'),
	(42, 'Can change country', 11, 'change_country'),
	(43, 'Can delete country', 11, 'delete_country'),
	(44, 'Can view country', 11, 'view_country'),
	(45, 'Can add city', 12, 'add_city'),
	(46, 'Can change city', 12, 'change_city'),
	(47, 'Can delete city', 12, 'delete_city'),
	(48, 'Can view city', 12, 'view_city');

-- Volcando datos para la tabla bibliolinedb.auth_user: ~1 rows (aproximadamente)
INSERT INTO `auth_user` (`id`, `password`, `last_login`, `is_superuser`, `username`, `first_name`, `last_name`, `email`, `is_staff`, `is_active`, `date_joined`) VALUES
	(3, 'pbkdf2_sha256$600000$O7xFyTX4nqkXHvGRs9gX27$jkWaDQ8vUq3OA62SycHlhfyS+lEi+JiPnjIlyJ79Hao=', '2023-04-29 18:18:06.353035', 1, 'admin', '', '', '', 1, 1, '2023-04-28 23:08:21.000000');

-- Volcando datos para la tabla bibliolinedb.auth_user_groups: ~0 rows (aproximadamente)

-- Volcando datos para la tabla bibliolinedb.auth_user_user_permissions: ~0 rows (aproximadamente)

-- Volcando datos para la tabla bibliolinedb.django_admin_log: ~1 rows (aproximadamente)
INSERT INTO `django_admin_log` (`id`, `action_time`, `object_id`, `object_repr`, `action_flag`, `change_message`, `content_type_id`, `user_id`) VALUES
	(6, '2023-04-28 23:10:31.798609', '1', 'tanushree7252@gmail.com', 3, '', 4, 3);

-- Volcando datos para la tabla bibliolinedb.django_content_type: ~12 rows (aproximadamente)
INSERT INTO `django_content_type` (`id`, `app_label`, `model`) VALUES
	(1, 'admin', 'logentry'),
	(3, 'auth', 'group'),
	(2, 'auth', 'permission'),
	(4, 'auth', 'user'),
	(5, 'contenttypes', 'contenttype'),
	(6, 'sessions', 'session'),
	(7, 'store', 'category'),
	(12, 'store', 'city'),
	(11, 'store', 'country'),
	(8, 'store', 'customer'),
	(10, 'store', 'order'),
	(9, 'store', 'products');

-- Volcando datos para la tabla bibliolinedb.django_migrations: ~29 rows (aproximadamente)
INSERT INTO `django_migrations` (`id`, `app`, `name`, `applied`) VALUES
	(1, 'contenttypes', '0001_initial', '2023-04-28 20:19:30.879833'),
	(2, 'auth', '0001_initial', '2023-04-28 20:19:35.168172'),
	(3, 'admin', '0001_initial', '2023-04-28 20:19:35.685882'),
	(4, 'admin', '0002_logentry_remove_auto_add', '2023-04-28 20:19:35.756465'),
	(5, 'admin', '0003_logentry_add_action_flag_choices', '2023-04-28 20:19:35.789560'),
	(6, 'contenttypes', '0002_remove_content_type_name', '2023-04-28 20:19:36.093484'),
	(7, 'auth', '0002_alter_permission_name_max_length', '2023-04-28 20:19:36.282383'),
	(8, 'auth', '0003_alter_user_email_max_length', '2023-04-28 20:19:36.390120'),
	(9, 'auth', '0004_alter_user_username_opts', '2023-04-28 20:19:36.416104'),
	(10, 'auth', '0005_alter_user_last_login_null', '2023-04-28 20:19:36.552694'),
	(11, 'auth', '0006_require_contenttypes_0002', '2023-04-28 20:19:36.597470'),
	(12, 'auth', '0007_alter_validators_add_error_messages', '2023-04-28 20:19:36.643409'),
	(13, 'auth', '0008_alter_user_username_max_length', '2023-04-28 20:19:36.770829'),
	(14, 'auth', '0009_alter_user_last_name_max_length', '2023-04-28 20:19:36.918971'),
	(15, 'auth', '0010_alter_group_name_max_length', '2023-04-28 20:19:37.058551'),
	(16, 'auth', '0011_update_proxy_permissions', '2023-04-28 20:19:37.083369'),
	(17, 'auth', '0012_alter_user_first_name_max_length', '2023-04-28 20:19:37.361703'),
	(18, 'sessions', '0001_initial', '2023-04-28 20:19:37.571947'),
	(19, 'store', '0001_initial', '2023-04-28 20:19:38.464667'),
	(20, 'store', '0002_auto_20210423_1934', '2023-04-28 20:19:38.607684'),
	(21, 'store', '0003_order_address', '2023-04-28 20:19:38.695758'),
	(22, 'store', '0004_order_phone', '2023-04-28 20:19:38.783983'),
	(23, 'store', '0005_order_date', '2023-04-28 20:19:38.862112'),
	(24, 'store', '0006_order_status', '2023-04-28 20:19:39.023966'),
	(25, 'store', '0007_country', '2023-04-29 00:00:15.768635'),
	(26, 'store', '0008_delete_countries', '2023-04-29 00:15:24.588697'),
	(27, 'store', '0009_alter_country_name', '2023-04-29 00:26:05.522499'),
	(28, 'store', '0010_country_phonecode_country_shortname', '2023-04-29 00:42:46.857832'),
	(29, 'store', '0011_remove_country_phonecode_remove_country_shortname', '2023-04-29 00:42:46.934867');

-- Volcando datos para la tabla bibliolinedb.django_session: ~1 rows (aproximadamente)
INSERT INTO `django_session` (`session_key`, `session_data`, `expire_date`) VALUES
	('rq6xjvtxkb7f84owiw3phsii7ozq92xj', 'eyJjdXN0b21lciI6MTMsImNhcnQiOnt9fQ:1pspMe:Xv_RN8nwdmfvtLdV2mduxIUjEWwWokg2cyucvqKPb-g', '2023-05-13 18:32:08.294633');

-- Volcando datos para la tabla bibliolinedb.store_category: ~3 rows (aproximadamente)
INSERT INTO `store_category` (`id`, `name`) VALUES
	(1, 'Miedo'),
	(2, 'Drama'),
	(3, 'Filosofia');

-- Volcando datos para la tabla bibliolinedb.store_city: ~2.155 rows (aproximadamente)
INSERT INTO `store_city` (`id`, `idcountry`, `name`) VALUES
	(1, 'ZA', 'Cape Town'),
	(2, 'ZA', 'Pretoria'),
	(3, 'ZA', 'Pietermaritzburg'),
	(4, 'ZA', 'Potchefstroom'),
	(5, 'ZA', 'Bloemfontein'),
	(6, 'ZA', 'Durban'),
	(7, 'ZA', 'Grahamstown'),
	(8, 'ZA', 'Stellenbosch'),
	(9, 'ZA', 'Sandton'),
	(10, 'ZA', 'Johannesburg'),
	(11, 'ZA', 'Uitenhage'),
	(12, 'ZA', 'Parkview'),
	(13, 'ZA', 'Wynberg'),
	(14, 'ZA', 'Bedfordview'),
	(15, 'ZA', 'Parow'),
	(16, 'ZA', 'Vanderbijlpark'),
	(17, 'ZA', 'Middelburg'),
	(18, 'ZA', 'Marshalltown'),
	(19, 'ZA', 'East London'),
	(20, 'ZA', 'Olifantsfontein'),
	(21, 'ZA', 'Lynnwood'),
	(22, 'ZA', 'Rosslyn'),
	(23, 'ZA', 'Houghton'),
	(24, 'ZA', 'Silverton'),
	(25, 'ZA', 'Roggebaai'),
	(26, 'ZA', 'Midrand'),
	(27, 'ZA', 'Braamfontein'),
	(28, 'BW', 'Gaborone'),
	(29, 'ZA', 'Waverley'),
	(30, 'ZA', 'Parktown'),
	(31, 'ZA', 'Hogsback'),
	(32, 'ZA', 'Modderfontein'),
	(33, 'ZA', 'Umhlanga Rocks'),
	(34, 'NE', 'Niamey'),
	(35, 'GA', 'Port-gentil'),
	(36, 'MZ', 'Maputo'),
	(37, 'DZ', 'Alger'),
	(38, 'ZA', 'Faure'),
	(39, 'ZA', 'Alice'),
	(40, 'ZA', 'Medunsa'),
	(41, 'ZA', 'Port Elizabeth'),
	(42, 'ZA', 'Elsenburg'),
	(43, 'ZA', 'Craighall'),
	(44, 'ZA', 'Randburg'),
	(45, 'ZA', 'Rivonia'),
	(46, 'ZA', 'Claremont'),
	(47, 'ZA', 'Honeydew'),
	(48, 'ZA', 'Halfway House'),
	(49, 'ZA', 'Centurion'),
	(50, 'ZA', 'Umtata'),
	(51, 'ZA', 'Westville'),
	(52, 'ZA', 'Boksburg'),
	(53, 'ZA', 'Pinetown'),
	(54, 'ZA', 'Doornfontein'),
	(55, 'ZA', 'Onderstepoort'),
	(56, 'ZA', 'Greytown'),
	(57, 'ZA', 'Overport'),
	(58, 'ZA', 'Krugersdorp'),
	(59, 'ZA', 'Menlo Park'),
	(60, 'ZA', 'Korsten'),
	(61, 'ZA', 'Sunnyside'),
	(62, 'ZA', 'Roodepoort'),
	(63, 'GH', 'Tema'),
	(64, 'GH', 'Kumasi'),
	(65, 'GH', 'Takoradi'),
	(66, 'GH', 'Accra'),
	(67, 'DZ', 'Algiers'),
	(68, 'DZ', 'Laghouat'),
	(69, 'DZ', 'Tizi Ouzou'),
	(70, 'DZ', 'Chlef'),
	(71, 'DZ', 'Blida'),
	(72, 'DZ', 'Oran'),
	(73, 'TN', 'Tunis'),
	(74, 'TN', 'Ariana'),
	(75, 'TN', 'Radès'),
	(76, 'MA', 'Mohammadia'),
	(77, 'MA', 'Tanger'),
	(78, 'MA', 'Rabat'),
	(79, 'MA', 'Settat'),
	(80, 'MA', 'Casablanca'),
	(81, 'MA', 'Media'),
	(82, 'MA', 'Mansour'),
	(83, 'MA', 'Oujda'),
	(84, 'MA', 'Meknès'),
	(85, 'MA', 'El Jadida'),
	(86, 'MA', 'Agadir'),
	(87, 'MA', 'Anfa'),
	(88, 'MA', 'Mohammedia'),
	(89, 'MA', 'Tétouan'),
	(90, 'MA', 'Marrakech'),
	(91, 'EG', 'Cairo'),
	(92, 'EG', 'Alexandria'),
	(93, 'KE', 'Nairobi'),
	(94, 'KE', 'Eldoret'),
	(95, 'KE', 'Nyeri'),
	(96, 'KE', 'Mombasa'),
	(97, 'CM', 'Yaoundé'),
	(98, 'CM', 'Mbalmayo'),
	(99, 'CM', 'Douala'),
	(100, 'CM', 'Akwa'),
	(101, 'CM', 'Edéa'),
	(102, 'CM', 'Bafoussam'),
	(103, 'ZA', 'Kempton Park'),
	(104, 'ZA', 'Trust'),
	(105, 'ZA', 'Walmer'),
	(106, 'ZA', 'Elandsfontein'),
	(107, 'ZA', 'Maraisburg'),
	(108, 'ZA', 'Edenvale'),
	(109, 'SN', 'Dakar'),
	(110, 'SZ', 'Kwaluseni'),
	(111, 'ZA', 'Butterworth'),
	(112, 'ZA', 'Bellville'),
	(113, 'ZA', 'Welkom'),
	(114, 'ZW', 'Harare'),
	(115, 'NA', 'Windhoek'),
	(116, 'NG', 'Lagos'),
	(117, 'NG', 'Abuja'),
	(118, 'NG', 'Saka'),
	(119, 'SD', 'Khartoum'),
	(120, 'ZA', 'Isando'),
	(121, 'ZM', 'Lusaka'),
	(122, 'ZA', 'Ga-rankuwa'),
	(123, 'ZA', 'Mmabatho'),
	(124, 'ZA', 'Thohoyandou'),
	(125, 'ZA', 'Ferndale'),
	(126, 'ZA', 'New Germany'),
	(127, 'ZA', 'Empangeni'),
	(128, 'ZA', 'Vereeniging'),
	(129, 'ZA', 'Martin'),
	(130, 'ZA', 'Somerset West'),
	(131, 'ZA', 'Bedford'),
	(132, 'ZA', 'Bryanston'),
	(133, 'ZA', 'Kloof'),
	(134, 'ZA', 'Pinelands'),
	(135, 'ZA', 'Germiston'),
	(136, 'ZA', 'Stilbaai'),
	(137, 'TZ', 'Arusha'),
	(138, 'ZA', 'Pietersburg'),
	(139, 'ZA', 'Newcastle'),
	(140, 'ZA', 'Beacon Bay'),
	(141, 'ZA', 'Westering'),
	(142, 'SZ', 'Mbabane'),
	(143, 'ZA', 'Waverly'),
	(144, 'ZA', 'Witbank'),
	(145, 'ZA', 'Morningside'),
	(146, 'ZA', 'Primrose'),
	(147, 'ZA', 'Hout Bay'),
	(148, 'ZA', 'Lyndhurst'),
	(149, 'ZA', 'Muizenberg'),
	(150, 'MU', 'Reduit'),
	(151, 'ZA', 'Monument Park'),
	(152, 'MG', 'Antananarivo'),
	(153, 'SN', 'Saint-louis'),
	(154, 'NG', 'Makurdi'),
	(155, 'NG', 'Ghana'),
	(156, 'NG', 'Ondo'),
	(157, 'NG', 'Kogi'),
	(158, 'MA', 'Kenitra'),
	(159, 'NG', 'Owerri'),
	(160, 'NG', 'Port Harcourt'),
	(161, 'NG', 'Kaduna'),
	(162, 'NG', 'Tara'),
	(163, 'ML', 'Bamako'),
	(164, 'ML', 'Kayes'),
	(165, 'DZ', 'Tlemcen'),
	(166, 'DZ', 'Mascara'),
	(167, 'DZ', 'Saïda'),
	(168, 'DZ', 'Relizane'),
	(169, 'DZ', 'Adrar'),
	(170, 'DZ', 'Tindouf'),
	(171, 'DZ', 'Constantine'),
	(172, 'DZ', 'Annaba'),
	(173, 'DZ', 'Batna'),
	(174, 'DZ', 'Bejaïa'),
	(175, 'DZ', 'Skikda'),
	(176, 'EG', 'Ramsis'),
	(177, 'AO', 'Luanda'),
	(178, 'TN', 'Sousse'),
	(179, 'TN', 'Monastir'),
	(180, 'TN', 'Béja'),
	(181, 'TN', 'Nabeul'),
	(182, 'TN', 'Belvédère'),
	(183, 'TN', 'Sfax'),
	(184, 'EG', 'Nasr'),
	(185, 'TN', 'Kasbah'),
	(186, 'TN', 'Manouba'),
	(187, 'TN', 'Kairouan'),
	(188, 'EG', 'Almaza'),
	(189, 'EG', 'Badr'),
	(190, 'EG', 'Fayoum'),
	(191, 'EG', 'Balyana'),
	(192, 'EG', 'Damanhour'),
	(193, 'EG', 'Menouf'),
	(194, 'EG', 'Mansoura'),
	(195, 'SN', 'Ziguinchor'),
	(196, 'SN', 'Guédiawaye'),
	(197, 'SN', 'Kolda'),
	(198, 'SN', 'Mbour'),
	(199, 'SN', 'Matam'),
	(200, 'SN', 'Nianing'),
	(201, 'SN', 'Joal'),
	(202, 'SN', 'Rufisque'),
	(203, 'SN', 'Touba'),
	(204, 'SN', 'Somone'),
	(205, 'SN', 'Massar'),
	(206, 'SN', 'Bargny'),
	(207, 'SN', 'Cambérène'),
	(208, 'SN', 'Ouakam'),
	(209, 'SN', 'Médina'),
	(210, 'SN', 'Hann'),
	(211, 'NG', 'Ikeja'),
	(212, 'MU', 'Port Louis'),
	(213, 'CM', 'Moliko'),
	(214, 'DZ', 'Ouargla'),
	(215, 'DZ', 'Médéa'),
	(216, 'DZ', 'Djelfa'),
	(217, 'DZ', 'Tipaza'),
	(218, 'DZ', 'Béchar'),
	(219, 'ZA', 'Peninsula'),
	(220, 'ZA', 'Soshanguve'),
	(221, 'AO', 'Mundo'),
	(222, 'EG', 'Gîza'),
	(223, 'ZA', 'Newlands'),
	(224, 'ZA', 'Atlanta'),
	(225, 'CM', 'Ébolowa'),
	(226, 'GH', 'Site'),
	(227, 'NG', 'Ikoyi'),
	(228, 'ZA', 'Parkhurst'),
	(229, 'ZA', 'New Horizons'),
	(230, 'ZA', 'Springs'),
	(231, 'ZA', 'Constantia'),
	(232, 'MU', 'Curepipe'),
	(233, 'MU', 'Malherbes'),
	(234, 'ZA', 'Malmesbury'),
	(235, 'ZA', 'Woodlands'),
	(236, 'SZ', 'Matsapha'),
	(237, 'LS', 'Roma'),
	(238, 'ZA', 'Tzaneen'),
	(239, 'ZA', 'Mowbray'),
	(240, 'ZA', 'Rosebank'),
	(241, 'ZA', 'Riebeek'),
	(242, 'ZA', 'Oudtshoorn'),
	(243, 'ZA', 'Edgemead'),
	(244, 'ZA', 'Hatfield'),
	(245, 'ZA', 'Capital Park'),
	(246, 'ZA', 'Nelspruit'),
	(247, 'ZA', 'Fichardtpark'),
	(248, 'ZA', 'Northcliff'),
	(249, 'ZA', 'Bishopscourt'),
	(250, 'ZA', 'Laudium'),
	(251, 'ZA', 'Garsfontein'),
	(252, 'ZA', 'Lusaka'),
	(253, 'ZA', 'Campbell'),
	(254, 'ZA', 'Weltevreden'),
	(255, 'ZA', 'Westdene'),
	(256, 'ZA', 'Messina'),
	(257, 'ZA', 'Benoni'),
	(258, 'ZA', 'Mount Edgecombe'),
	(259, 'ZA', 'Sauer'),
	(260, 'ZA', 'Rustenburg'),
	(261, 'ZA', 'North End'),
	(262, 'ZA', 'Emerald Hill'),
	(263, 'ZA', 'Mobeni'),
	(264, 'ZA', 'Huguenot'),
	(265, 'ZA', 'Brits'),
	(266, 'ZA', 'Port Shepstone'),
	(267, 'ZA', 'Kwa-zulu'),
	(268, 'ZA', 'La Lucia'),
	(269, 'DZ', 'Cheraga'),
	(270, 'ZA', 'London'),
	(271, 'TZ', 'Dar Es Salaam'),
	(272, 'ZA', 'Juta'),
	(273, 'ZA', 'Florida'),
	(274, 'NA', 'Swakopmund'),
	(275, 'MW', 'Blantyre'),
	(276, 'TZ', 'Mwanza'),
	(277, 'TZ', 'Tanga'),
	(278, 'MU', 'Ebène'),
	(279, 'MU', 'Goodlands'),
	(280, 'MU', 'Terre Rouge'),
	(281, 'MU', 'Triolet'),
	(282, 'MU', 'Beau Bassin'),
	(283, 'MU', 'Pereybèré'),
	(284, 'MU', 'Pailles'),
	(285, 'MU', 'Vacoas'),
	(286, 'NA', 'Walvisbaai'),
	(287, 'ZA', 'Brakpan'),
	(288, 'ZA', 'Zwartkop'),
	(289, 'ZA', 'Fairland'),
	(290, 'ZA', 'Ermelo'),
	(291, 'MU', 'Piton'),
	(292, 'MU', 'Albion'),
	(293, 'MU', 'Flacq'),
	(294, 'EG', 'Tanta'),
	(295, 'MA', 'Poste'),
	(296, 'MA', 'Smara'),
	(297, 'MA', 'Charga'),
	(298, 'MA', 'Salé'),
	(299, 'MA', 'Khemisset'),
	(300, 'MA', 'Nador'),
	(301, 'BF', 'Ouagadougou'),
	(302, 'GM', 'Banjul'),
	(303, 'GM', 'Fajara'),
	(304, 'GH', 'Tamale'),
	(305, 'UG', 'Makerere'),
	(306, 'NG', 'Adeogun'),
	(307, 'EG', 'Zamalek'),
	(308, 'SN', 'Dial'),
	(309, 'EG', 'Hurghada'),
	(310, 'EG', 'Kafr El Sheikh'),
	(311, 'EG', 'Damas'),
	(312, 'EG', 'Kafr El-sheikh'),
	(313, 'EG', 'Kafr El-zayat'),
	(314, 'EG', 'Fayyoum'),
	(315, 'KE', 'Malindi'),
	(316, 'EG', 'Zagazig'),
	(317, 'GA', 'Libreville'),
	(318, 'ZA', 'Sandhurst'),
	(319, 'ZA', 'Mpumalanga'),
	(320, 'TZ', 'Zanzibar'),
	(321, 'MU', 'Rose Hill'),
	(322, 'MU', 'Baie Du Tombeau'),
	(323, 'MZ', 'Moçambique'),
	(324, 'UG', 'Kampala'),
	(325, 'ZW', 'Masvingo'),
	(326, 'NG', 'Odua'),
	(327, 'ZA', 'Green Point'),
	(328, 'NG', 'Base'),
	(329, 'TZ', 'Mbezi'),
	(330, 'LY', 'Sebha'),
	(331, 'EG', 'Minia'),
	(332, 'KE', 'Nakuru'),
	(333, 'KE', 'Machakos'),
	(334, 'KE', 'Kisumu'),
	(335, 'KE', 'Kisii'),
	(336, 'KE', 'Narok'),
	(337, 'LS', 'Maseru'),
	(338, 'ZA', 'Klerksdorp'),
	(339, 'ZA', 'Lansdowne'),
	(340, 'ZA', 'Point'),
	(341, 'ZA', 'Sandown'),
	(342, 'DZ', 'Sétif'),
	(343, 'DZ', 'Ghardaïa'),
	(344, 'NG', 'Ibadan'),
	(345, 'NG', 'Enugu'),
	(346, 'NG', 'Ilorin'),
	(347, 'DZ', 'El Beïda'),
	(348, 'DZ', 'Biskra'),
	(349, 'DZ', 'Mostaganem'),
	(350, 'DZ', 'Tiaret'),
	(351, 'DZ', 'Bouira'),
	(352, 'EG', 'Misr'),
	(353, 'EG', 'Banha'),
	(354, 'EG', 'Qena'),
	(355, 'EG', 'Ismailia'),
	(356, 'EG', 'Suez'),
	(357, 'EG', 'Suës'),
	(358, 'EG', 'Ziftá'),
	(359, 'EG', 'Belbeis'),
	(360, 'EG', 'Hehia'),
	(361, 'MR', 'Nouakchott'),
	(362, 'US', 'Valhalla'),
	(363, 'US', 'Pittsburgh'),
	(364, 'US', 'Bridgeton'),
	(365, 'US', 'San Francisco'),
	(366, 'US', 'New York'),
	(367, 'US', 'Bear Lake'),
	(368, 'US', 'Piscataway'),
	(369, 'US', 'Keuka Park'),
	(370, 'US', 'Brattleboro'),
	(371, 'US', 'Hanscom Afb'),
	(372, 'US', 'Nashville'),
	(373, 'US', 'Bethel'),
	(374, 'US', 'Jamaica'),
	(375, 'US', 'Saginaw'),
	(376, 'US', 'San Jose'),
	(377, 'US', 'Haverhill'),
	(378, 'US', 'Chicago'),
	(379, 'US', 'Richmond'),
	(380, 'US', 'Somerset'),
	(381, 'US', 'Wilmington'),
	(382, 'US', 'Mckinney'),
	(383, 'US', 'Round Rock'),
	(384, 'US', 'Dearborn'),
	(385, 'US', 'Rego Park'),
	(386, 'US', 'Fort Lee'),
	(387, 'US', 'Woodside'),
	(388, 'US', 'Lehigh Valley'),
	(389, 'US', 'Glen Burnie'),
	(390, 'US', 'Boston'),
	(391, 'US', 'Hampton'),
	(392, 'US', 'Carlsbad'),
	(393, 'US', 'Philadelphia'),
	(394, 'US', 'Greenwich'),
	(395, 'US', 'Baltimore'),
	(396, 'US', 'The Colony'),
	(397, 'US', 'Fairfield'),
	(398, 'US', 'Rocky Mount'),
	(399, 'US', 'Reston'),
	(400, 'US', 'Westerville'),
	(401, 'US', 'San Marcos'),
	(402, 'US', 'Austin'),
	(403, 'US', 'Indianapolis'),
	(404, 'US', 'Chandler'),
	(405, 'US', 'Somerville'),
	(406, 'US', 'Blue Bell'),
	(407, 'US', 'Granville'),
	(408, 'US', 'Beverly Hills'),
	(409, 'US', 'Silver Spring'),
	(410, 'US', 'Huntley'),
	(411, 'US', 'Williston'),
	(412, 'US', 'Dallas'),
	(413, 'US', 'Boca Raton'),
	(414, 'US', 'Amesbury'),
	(415, 'US', 'New Brunswick'),
	(416, 'US', 'Los Angeles'),
	(417, 'US', 'Edison'),
	(418, 'US', 'Cape May'),
	(419, 'US', 'Berkeley Heights'),
	(420, 'US', 'Albany'),
	(421, 'US', 'Saddle Brook'),
	(422, 'US', 'South Plainfield'),
	(423, 'US', 'Iselin'),
	(424, 'US', 'Hempstead'),
	(425, 'US', 'Moorestown'),
	(426, 'US', 'Riverside'),
	(427, 'US', 'Joplin'),
	(428, 'US', 'Durham'),
	(429, 'US', 'Thorofare'),
	(430, 'US', 'San Diego'),
	(431, 'US', 'Matthews'),
	(432, 'US', 'Bristol'),
	(433, 'US', 'Memphis'),
	(434, 'US', 'Brooklyn'),
	(435, 'US', 'Sherman'),
	(436, 'US', 'Westbury'),
	(437, 'US', 'King Of Prussia'),
	(438, 'US', 'Uniondale'),
	(439, 'US', 'Cambridge'),
	(440, 'US', 'Miami'),
	(441, 'US', 'Irvine'),
	(442, 'US', 'Columbus'),
	(443, 'US', 'Jersey City'),
	(444, 'US', 'Findlay'),
	(445, 'US', 'Danvers'),
	(446, 'US', 'Branford'),
	(447, 'US', 'Providence'),
	(448, 'US', 'Waltham'),
	(449, 'US', 'Middleton'),
	(450, 'US', 'Chelsea'),
	(451, 'US', 'Newburyport'),
	(452, 'US', 'Bedford'),
	(453, 'US', 'North Bend'),
	(454, 'US', 'Medway'),
	(455, 'US', 'Bronx'),
	(456, 'US', 'Woburn'),
	(457, 'US', 'Middletown'),
	(458, 'US', 'Dedham'),
	(459, 'US', 'North Andover'),
	(460, 'US', 'Laconia'),
	(461, 'US', 'Merrimac'),
	(462, 'US', 'Syracuse'),
	(463, 'US', 'Addison'),
	(464, 'US', 'Norwell'),
	(465, 'US', 'Lewiston'),
	(466, 'US', 'Burlington'),
	(467, 'US', 'Belmont'),
	(468, 'US', 'Beaverton'),
	(469, 'US', 'Watertown'),
	(470, 'US', 'Bowie'),
	(471, 'US', 'Morristown'),
	(472, 'US', 'Washington'),
	(473, 'US', 'Staten Island'),
	(474, 'US', 'North Wales'),
	(475, 'US', 'Waterford'),
	(476, 'US', 'Okemos'),
	(477, 'US', 'Celina'),
	(478, 'US', 'Shakopee'),
	(479, 'US', 'Clearwater'),
	(480, 'US', 'Omaha'),
	(481, 'US', 'Shaw A F B'),
	(482, 'US', 'Mountain View'),
	(483, 'US', 'Fort Payne'),
	(484, 'US', 'Sanford'),
	(485, 'US', 'Irving'),
	(486, 'US', 'Traverse City'),
	(487, 'US', 'Hickory'),
	(488, 'US', 'Atlanta'),
	(489, 'US', 'Albion'),
	(490, 'US', 'South Bend'),
	(491, 'US', 'Sturtevant'),
	(492, 'US', 'Logansport'),
	(493, 'US', 'Perris'),
	(494, 'US', 'Issaquah'),
	(495, 'US', 'Morehead'),
	(496, 'US', 'Saint Clair Shores'),
	(497, 'US', 'Burton'),
	(498, 'US', 'Crookston'),
	(499, 'US', 'Warner Robins'),
	(500, 'US', 'Vienna'),
	(501, 'US', 'Friendswood'),
	(502, 'US', 'Minneapolis'),
	(503, 'US', 'Norwich'),
	(504, 'US', 'Urbandale'),
	(505, 'US', 'Omro'),
	(506, 'US', 'Rosamond'),
	(507, 'US', 'Perry'),
	(508, 'US', 'Saint Paul'),
	(509, 'US', 'Amarillo'),
	(510, 'US', 'Evansville'),
	(511, 'US', 'Southfield'),
	(512, 'US', 'Flora'),
	(513, 'US', 'Auburn Hills'),
	(514, 'US', 'Lisle'),
	(515, 'US', 'Naperville'),
	(516, 'US', 'Batavia'),
	(517, 'US', 'Normal'),
	(518, 'US', 'Bloomington'),
	(519, 'US', 'Morris'),
	(520, 'US', 'Cary'),
	(521, 'US', 'Streator'),
	(522, 'US', 'Franklin Park'),
	(523, 'US', 'Downers Grove'),
	(524, 'US', 'Leominster'),
	(525, 'US', 'Westmont'),
	(526, 'US', 'Folsom'),
	(527, 'US', 'Freer'),
	(528, 'US', 'Oak Brook'),
	(529, 'US', 'Heyworth'),
	(530, 'US', 'Elmhurst'),
	(531, 'US', 'Bangor'),
	(532, 'US', 'West Chicago'),
	(533, 'US', 'Joliet'),
	(534, 'US', 'Lombard'),
	(535, 'US', 'Melrose Park'),
	(536, 'US', 'Bolingbrook'),
	(537, 'US', 'Hacienda Heights'),
	(538, 'US', 'Savannah'),
	(539, 'US', 'Willowbrook'),
	(540, 'US', 'Enfield'),
	(541, 'US', 'Chino'),
	(542, 'US', 'Warwick'),
	(543, 'US', 'Murrysville'),
	(544, 'US', 'Coraopolis'),
	(545, 'US', 'O Fallon'),
	(546, 'US', 'Salisbury'),
	(547, 'US', 'Bridgeport'),
	(548, 'US', 'Ellwood City'),
	(549, 'US', 'New Kensington'),
	(550, 'US', 'West Mifflin'),
	(551, 'US', 'Licking'),
	(552, 'US', 'Cranberry Twp'),
	(553, 'US', 'Wheeling'),
	(554, 'US', 'Morrisville'),
	(555, 'US', 'Greenville'),
	(556, 'US', 'Milwaukee'),
	(557, 'US', 'Fort Worth'),
	(558, 'US', 'Raleigh'),
	(559, 'US', 'New Bern'),
	(560, 'US', 'Brunswick'),
	(561, 'US', 'Fair Lawn'),
	(562, 'US', 'Chapel Hill'),
	(563, 'US', 'Stratford'),
	(564, 'US', 'Boise'),
	(565, 'US', 'Oriental'),
	(566, 'US', 'Alexandria'),
	(567, 'US', 'Sterling'),
	(568, 'US', 'Manassas'),
	(569, 'US', 'Culpeper'),
	(570, 'US', 'Jacksonville'),
	(571, 'US', 'Frankfort'),
	(572, 'US', 'Herndon'),
	(573, 'US', 'Warrenton'),
	(574, 'US', 'Arlington'),
	(575, 'US', 'Gordonsville'),
	(576, 'US', 'Catlett'),
	(577, 'US', 'Winchester'),
	(578, 'US', 'Piru'),
	(579, 'US', 'Leesburg'),
	(580, 'US', 'Chesapeake'),
	(581, 'US', 'Mc Lean'),
	(582, 'US', 'Quantico'),
	(583, 'US', 'Fuquay Varina'),
	(584, 'US', 'Holland'),
	(585, 'US', 'Blacklick'),
	(586, 'US', 'Birmingham'),
	(587, 'US', 'Fostoria'),
	(588, 'US', 'Palm Springs'),
	(589, 'US', 'Southern Pines'),
	(590, 'US', 'Edenton'),
	(591, 'US', 'Alliance'),
	(592, 'US', 'Elizabethtown'),
	(593, 'US', 'Fayetteville'),
	(594, 'US', 'Old Greenwich'),
	(595, 'US', 'Colonial Heights'),
	(596, 'US', 'Rancho Cucamonga'),
	(597, 'US', 'Newark'),
	(598, 'US', 'Wakarusa'),
	(599, 'US', 'Duluth'),
	(600, 'US', 'Granite Falls'),
	(601, 'US', 'Ambridge'),
	(602, 'US', 'Troy'),
	(603, 'PR', 'Carolina'),
	(604, 'US', 'Vineland'),
	(605, 'US', 'Suffern'),
	(606, 'US', 'Phoenix'),
	(607, 'US', 'Detroit'),
	(608, 'US', 'Toledo'),
	(609, 'US', 'Jasper'),
	(610, 'US', 'Middlebury'),
	(611, 'US', 'Overland Park'),
	(612, 'US', 'Grain Valley'),
	(613, 'US', 'Hiawatha'),
	(614, 'US', 'Springfield'),
	(615, 'US', 'Pineville'),
	(616, 'US', 'Winfield'),
	(617, 'US', 'Tacoma'),
	(618, 'US', 'Dayton'),
	(619, 'US', 'Sioux Falls'),
	(620, 'US', 'Hebron'),
	(621, 'US', 'Wheaton'),
	(622, 'US', 'Livingston'),
	(623, 'US', 'Flippin'),
	(624, 'US', 'Saint Louis'),
	(625, 'US', 'Fenton'),
	(626, 'US', 'Fairview Heights'),
	(627, 'US', 'Cordova'),
	(628, 'US', 'Winston Salem'),
	(629, 'US', 'Henderson'),
	(630, 'US', 'Cape Girardeau'),
	(631, 'US', 'Columbia'),
	(632, 'US', 'Louisville'),
	(633, 'US', 'Poplar Bluff'),
	(634, 'US', 'Montgomery'),
	(635, 'US', 'Dubuque'),
	(636, 'US', 'Lake Saint Louis'),
	(637, 'US', 'Oklahoma City'),
	(638, 'US', 'Staunton'),
	(639, 'US', 'Taylor'),
	(640, 'US', 'Maryland Heights'),
	(641, 'US', 'Norwalk'),
	(642, 'US', 'Preston'),
	(643, 'US', 'Andover'),
	(644, 'US', 'Stone Mountain'),
	(645, 'US', 'Lenexa'),
	(646, 'US', 'El Centro'),
	(647, 'US', 'Nephi'),
	(648, 'US', 'Clearfield'),
	(649, 'US', 'Alpharetta'),
	(650, 'US', 'Salt Lake City'),
	(651, 'US', 'Hill Afb'),
	(652, 'US', 'North Salt Lake'),
	(653, 'US', 'Colorado Springs'),
	(654, 'US', 'New Orleans'),
	(655, 'US', 'Eads'),
	(656, 'US', 'Jackson'),
	(657, 'US', 'Fort Leonard Wood'),
	(658, 'US', 'Scottsdale'),
	(659, 'US', 'Woodland Park'),
	(660, 'US', 'Highland'),
	(661, 'US', 'Englewood'),
	(662, 'US', 'Palmer Lake'),
	(663, 'US', 'Winnebago'),
	(664, 'US', 'Norfolk'),
	(665, 'US', 'Pierce'),
	(666, 'US', 'Santa Fe'),
	(667, 'US', 'Albuquerque'),
	(668, 'US', 'East Brunswick'),
	(669, 'US', 'El Paso'),
	(670, 'US', 'Grants'),
	(671, 'US', 'Espanola'),
	(672, 'US', 'Inglewood'),
	(673, 'US', 'Dulce'),
	(674, 'US', 'Red Bluff'),
	(675, 'US', 'Aztec'),
	(676, 'US', 'West Palm Beach'),
	(677, 'US', 'Deming'),
	(678, 'US', 'Lovington'),
	(679, 'US', 'Las Cruces'),
	(680, 'US', 'Mocksville'),
	(681, 'US', 'Roswell'),
	(682, 'US', 'Kansas City'),
	(683, 'US', 'Elk Grove Village'),
	(684, 'US', 'Merced'),
	(685, 'US', 'Orlando'),
	(686, 'US', 'Maljamar'),
	(687, 'US', 'Chillicothe'),
	(688, 'US', 'Mountainair'),
	(689, 'US', 'Hobbs'),
	(690, 'US', 'Bethesda'),
	(691, 'US', 'Denver'),
	(692, 'US', 'Portland'),
	(693, 'US', 'Baton Rouge'),
	(694, 'US', 'Livonia'),
	(695, 'US', 'Skokie'),
	(696, 'US', 'Commerce City'),
	(697, 'US', 'Fort Collins'),
	(698, 'US', 'Moody A F B'),
	(699, 'US', 'Pittsburg'),
	(700, 'US', 'Grand Rapids'),
	(701, 'US', 'Lincoln'),
	(702, 'US', 'Fremont'),
	(703, 'US', 'Kearney'),
	(704, 'US', 'North Sioux City'),
	(705, 'US', 'Mount Laurel'),
	(706, 'US', 'Bentonville'),
	(707, 'US', 'Gainesville'),
	(708, 'US', 'Clare'),
	(709, 'US', 'Cape Coral'),
	(710, 'US', 'Beaver Island'),
	(711, 'US', 'California'),
	(712, 'US', 'Oneill'),
	(713, 'US', 'Elkwood'),
	(714, 'US', 'Deadwood'),
	(715, 'US', 'Tulsa'),
	(716, 'US', 'Fort Smith'),
	(717, 'US', 'Weatherford'),
	(718, 'US', 'Pasadena'),
	(719, 'US', 'Monrovia'),
	(720, 'US', 'Maricopa'),
	(721, 'US', 'Hawkinsville'),
	(722, 'US', 'Garden Grove'),
	(723, 'US', 'Webberville'),
	(724, 'US', 'Huntsville'),
	(725, 'US', 'San Antonio'),
	(726, 'US', 'Boulder'),
	(727, 'US', 'Vail'),
	(728, 'US', 'Casper'),
	(729, 'US', 'West Springfield'),
	(730, 'US', 'Glendale'),
	(731, 'US', 'Canton'),
	(732, 'US', 'Yuma'),
	(733, 'US', 'South San Francisco'),
	(734, 'US', 'Burbank'),
	(735, 'US', 'Norman'),
	(736, 'US', 'Rapid City'),
	(737, 'PR', 'San Juan'),
	(738, 'US', 'Miamisburg'),
	(739, 'US', 'Loveland'),
	(740, 'US', 'Westminster'),
	(741, 'US', 'Rochester'),
	(742, 'US', 'Sun Valley'),
	(743, 'US', 'Cheyenne'),
	(744, 'US', 'Mc Gehee'),
	(745, 'US', 'Carrollton'),
	(746, 'US', 'Westwood'),
	(747, 'US', 'Lakeland'),
	(748, 'US', 'El Segundo'),
	(749, 'US', 'Greeneville'),
	(750, 'US', 'Grandview'),
	(751, 'US', 'Jefferson City'),
	(752, 'US', 'Lake Charles'),
	(753, 'US', 'Lone Star'),
	(754, 'US', 'Scott Air Force Base'),
	(755, 'US', 'Granite City'),
	(756, 'US', 'Van Buren'),
	(757, 'US', 'Eden'),
	(758, 'US', 'West Des Moines'),
	(759, 'US', 'Dodge City'),
	(760, 'US', 'Dakota City'),
	(761, 'US', 'Buna'),
	(762, 'US', 'Des Moines'),
	(763, 'US', 'Tempe'),
	(764, 'US', 'Mason City'),
	(765, 'US', 'Oelwein'),
	(766, 'US', 'New Albany'),
	(767, 'US', 'Lanham'),
	(768, 'US', 'Mount Kisco'),
	(769, 'US', 'Shreveport'),
	(770, 'US', 'Murfreesboro'),
	(771, 'US', 'Mount Ida'),
	(772, 'US', 'Springhill'),
	(773, 'US', 'Post'),
	(774, 'US', 'Bismarck'),
	(775, 'US', 'West Plains'),
	(776, 'US', 'Little Rock'),
	(777, 'US', 'Bossier City'),
	(778, 'US', 'Mabelvale'),
	(779, 'US', 'Houston'),
	(780, 'US', 'Beaumont'),
	(781, 'US', 'White Hall'),
	(782, 'US', 'Hamburg'),
	(783, 'US', 'Russellville'),
	(784, 'US', 'Pine Bluff'),
	(785, 'US', 'Helena'),
	(786, 'US', 'Sandwich'),
	(787, 'US', 'Hot Springs National Park'),
	(788, 'US', 'Maumelle'),
	(789, 'US', 'Pleasant Hill'),
	(790, 'US', 'Sibley'),
	(791, 'US', 'North Little Rock'),
	(792, 'US', 'Lewisville'),
	(793, 'US', 'Bells'),
	(794, 'US', 'Horn Lake'),
	(795, 'US', 'Laredo'),
	(796, 'US', 'Tucson'),
	(797, 'US', 'Mission'),
	(798, 'US', 'Mesa'),
	(799, 'US', 'Paragould'),
	(800, 'US', 'Cottonwood'),
	(801, 'US', 'Mobile'),
	(802, 'US', 'Miami Beach'),
	(803, 'US', 'Culver City'),
	(804, 'US', 'Newton'),
	(805, 'US', 'Westford'),
	(806, 'US', 'Newbury'),
	(807, 'US', 'Tampa'),
	(808, 'US', 'Lowell'),
	(809, 'US', 'Quincy'),
	(810, 'US', 'Metairie'),
	(811, 'US', 'Bluemont'),
	(812, 'US', 'Charleston'),
	(813, 'US', 'Bensalem'),
	(814, 'US', 'Malvern'),
	(815, 'US', 'Horsham'),
	(816, 'US', 'Bennettsville'),
	(817, 'US', 'Corona'),
	(818, 'US', 'Olathe'),
	(819, 'US', 'Bala Cynwyd'),
	(820, 'US', 'Sugar Land'),
	(821, 'US', 'Needham Heights'),
	(822, 'US', 'Plano'),
	(823, 'US', 'Lancaster'),
	(824, 'US', 'Snow Shoe'),
	(825, 'US', 'Newport Beach'),
	(826, 'US', 'Lewistown'),
	(827, 'US', 'Idalou'),
	(828, 'US', 'Midlothian'),
	(829, 'US', 'North Charleston'),
	(830, 'US', 'Bakersfield'),
	(831, 'US', 'Maple Shade'),
	(832, 'US', 'Dover'),
	(833, 'US', 'Malibu'),
	(834, 'US', 'Franklin'),
	(835, 'US', 'Port Gibson'),
	(836, 'US', 'Willow Grove'),
	(837, 'US', 'Sherman Oaks'),
	(838, 'US', 'Alice'),
	(839, 'US', 'Fresno'),
	(840, 'US', 'Clovis'),
	(841, 'US', 'Sunnyvale'),
	(842, 'US', 'Edinburg'),
	(843, 'US', 'Hollister'),
	(844, 'US', 'Fair Play'),
	(845, 'US', 'Campbell'),
	(846, 'US', 'Santa Clara'),
	(847, 'US', 'Pescadero'),
	(848, 'US', 'Monterey'),
	(849, 'US', 'Carthage'),
	(850, 'US', 'Santa Monica'),
	(851, 'US', 'Lake Placid'),
	(852, 'US', 'Searcy'),
	(853, 'US', 'Gloucester'),
	(854, 'US', 'Milpitas'),
	(855, 'US', 'Morgan Hill'),
	(856, 'US', 'Modesto'),
	(857, 'US', 'Cupertino'),
	(858, 'US', 'Coarsegold'),
	(859, 'US', 'Warren'),
	(860, 'US', 'Romulus'),
	(861, 'US', 'Allen Park'),
	(862, 'US', 'Lihue'),
	(863, 'US', 'Gloversville'),
	(864, 'US', 'Fairborn'),
	(865, 'US', 'Byron'),
	(866, 'US', 'Piqua'),
	(867, 'US', 'Lima'),
	(868, 'US', 'Vandalia'),
	(869, 'US', 'Duncan'),
	(870, 'US', 'Valencia'),
	(871, 'US', 'Wixom'),
	(872, 'US', 'Huntington Woods'),
	(873, 'US', 'Farmington'),
	(874, 'US', 'Sterling Heights'),
	(875, 'US', 'Pharr'),
	(876, 'US', 'Ray'),
	(877, 'US', 'Flint'),
	(878, 'US', 'Clinton Township'),
	(879, 'US', 'Davisburg'),
	(880, 'US', 'Percival'),
	(881, 'US', 'Pella'),
	(882, 'US', 'Oroville'),
	(883, 'US', 'Ballston Spa'),
	(884, 'US', 'Waterloo'),
	(885, 'US', 'Forest City'),
	(886, 'US', 'Chatom'),
	(887, 'US', 'Johnston'),
	(888, 'US', 'North Billerica'),
	(889, 'US', 'Braintree'),
	(890, 'US', 'Hampden'),
	(891, 'US', 'Medford'),
	(892, 'US', 'Latham'),
	(893, 'US', 'Livermore'),
	(894, 'US', 'Story City'),
	(895, 'US', 'Van Lear'),
	(896, 'US', 'Mount Prospect'),
	(897, 'US', 'Perryville'),
	(898, 'US', 'Eureka'),
	(899, 'US', 'East Saint Louis'),
	(900, 'US', 'Houma'),
	(901, 'US', 'Manchester'),
	(902, 'US', 'Hyattsville'),
	(903, 'US', 'Murphysboro'),
	(904, 'US', 'Dresden'),
	(905, 'US', 'Brownsville'),
	(906, 'US', 'Vidor'),
	(907, 'US', 'Batesville'),
	(908, 'US', 'Oxford'),
	(909, 'US', 'West Point'),
	(910, 'US', 'Oakland'),
	(911, 'US', 'Honolulu'),
	(912, 'US', 'Waipahu'),
	(913, 'US', 'Tolleson'),
	(914, 'US', 'Aiea'),
	(915, 'US', 'Kahului'),
	(916, 'US', 'Kapolei'),
	(917, 'US', 'Hilo'),
	(918, 'US', 'Collinsville'),
	(919, 'US', 'Florissant'),
	(920, 'US', 'Yonkers'),
	(921, 'US', 'Derby'),
	(922, 'US', 'Scott City'),
	(923, 'US', 'Kihei'),
	(924, 'US', 'Sarasota'),
	(925, 'US', 'King George'),
	(926, 'US', 'Orange'),
	(927, 'US', 'Fort Myers'),
	(928, 'US', 'West Harrison'),
	(929, 'US', 'Fargo'),
	(930, 'US', 'Portsmouth'),
	(931, 'US', 'Jamestown'),
	(932, 'US', 'Canby'),
	(933, 'US', 'Sauk Centre'),
	(934, 'US', 'Minot'),
	(935, 'US', 'Addis'),
	(936, 'US', 'Collegeville'),
	(937, 'US', 'Coatesville'),
	(938, 'US', 'Reading'),
	(939, 'US', 'Exton'),
	(940, 'US', 'Telford'),
	(941, 'US', 'Phoenixville'),
	(942, 'US', 'Pottstown'),
	(943, 'US', 'Newtown Square'),
	(944, 'US', 'Chadds Ford'),
	(945, 'US', 'Bryn Mawr'),
	(946, 'US', 'Allentown'),
	(947, 'US', 'West Chester'),
	(948, 'US', 'Lansdale'),
	(949, 'US', 'Emmaus'),
	(950, 'US', 'Montgomeryville'),
	(951, 'US', 'Wayne'),
	(952, 'US', 'Plymouth Meeting'),
	(953, 'US', 'Tylertown'),
	(954, 'US', 'Ardmore'),
	(955, 'US', 'Mohnton'),
	(956, 'US', 'Bethlehem'),
	(957, 'US', 'Alvin'),
	(958, 'US', 'Media'),
	(959, 'US', 'Concord'),
	(960, 'US', 'Valley Forge'),
	(961, 'US', 'Easton'),
	(962, 'US', 'Feasterville Trevose'),
	(963, 'US', 'Coopersburg'),
	(964, 'US', 'Robeline'),
	(965, 'US', 'Conshohocken'),
	(966, 'US', 'Spring'),
	(967, 'US', 'Bear'),
	(968, 'US', 'Oakdale'),
	(969, 'US', 'Grapevine'),
	(970, 'US', 'Paoli'),
	(971, 'US', 'Hyde Park'),
	(972, 'US', 'Hanover'),
	(973, 'US', 'Norristown'),
	(974, 'US', 'Fogelsville'),
	(975, 'US', 'Wynnewood'),
	(976, 'US', 'Devon'),
	(977, 'US', 'Berwyn'),
	(978, 'US', 'Lexington'),
	(979, 'US', 'Rosenberg'),
	(980, 'US', 'Gig Harbor'),
	(981, 'US', 'Woodinville'),
	(982, 'US', 'Seattle'),
	(983, 'US', 'Las Vegas'),
	(984, 'US', 'Bellevue'),
	(985, 'US', 'Renton'),
	(986, 'US', 'Saint Ignatius'),
	(987, 'US', 'San Bernardino'),
	(988, 'US', 'Mosca'),
	(989, 'US', 'Broomfield'),
	(990, 'US', 'Norcross'),
	(991, 'US', 'Ottawa'),
	(992, 'US', 'Everett'),
	(993, 'US', 'Bay Saint Louis'),
	(994, 'US', 'Taunton'),
	(995, 'US', 'Redmond'),
	(996, 'US', 'Auburn'),
	(997, 'US', 'Desert Hot Springs'),
	(998, 'US', 'Jennings'),
	(999, 'US', 'Greencastle'),
	(1000, 'US', 'Yelm'),
	(1001, 'US', 'San Angelo'),
	(1002, 'US', 'Bourbonnais'),
	(1003, 'US', 'Lynnwood'),
	(1004, 'US', 'Pacific'),
	(1005, 'US', 'Erie'),
	(1006, 'US', 'Anchorage'),
	(1007, 'US', 'Sunnyside'),
	(1008, 'US', 'Cleveland'),
	(1009, 'US', 'Hearne'),
	(1010, 'US', 'Mount Vernon'),
	(1011, 'US', 'Ogden'),
	(1012, 'US', 'Anaheim'),
	(1013, 'US', 'Lakebay'),
	(1014, 'US', 'Bremerton'),
	(1015, 'US', 'New Bloomfield'),
	(1016, 'US', 'Summit'),
	(1017, 'US', 'Bellingham'),
	(1018, 'US', 'Billings'),
	(1019, 'US', 'Hollywood'),
	(1020, 'US', 'Richardson'),
	(1021, 'US', 'Peabody'),
	(1022, 'US', 'Christine'),
	(1023, 'US', 'Port Angeles'),
	(1024, 'US', 'Chesterfield'),
	(1025, 'US', 'Federal Way'),
	(1026, 'US', 'Winthrop'),
	(1027, 'US', 'Fredericksburg'),
	(1028, 'US', 'Harrisonburg'),
	(1029, 'US', 'Northbrook'),
	(1030, 'US', 'Kennesaw'),
	(1031, 'US', 'Pikeville'),
	(1032, 'US', 'Ashburn'),
	(1033, 'US', 'Caldwell'),
	(1034, 'US', 'Port Arthur'),
	(1035, 'US', 'Lawton'),
	(1036, 'US', 'North Platte'),
	(1037, 'US', 'Trenton'),
	(1038, 'US', 'Benton'),
	(1039, 'US', 'Virginia'),
	(1040, 'US', 'Sullivan'),
	(1041, 'US', 'Odessa'),
	(1042, 'US', 'Potosi'),
	(1043, 'US', 'Herculaneum'),
	(1044, 'US', 'Earth City'),
	(1045, 'US', 'Casey'),
	(1046, 'US', 'Palm Desert'),
	(1047, 'US', 'Pearl Harbor'),
	(1048, 'US', 'Hopkinsville'),
	(1049, 'US', 'Waikoloa'),
	(1050, 'US', 'Atwood'),
	(1051, 'US', 'De Soto'),
	(1052, 'US', 'Tyler'),
	(1053, 'US', 'Republic'),
	(1054, 'US', 'Belle Chasse'),
	(1055, 'US', 'Moberly'),
	(1056, 'US', 'Chase'),
	(1057, 'US', 'Mokena'),
	(1058, 'US', 'Lucedale'),
	(1059, 'US', 'Rock Hill'),
	(1060, 'US', 'Oswego'),
	(1061, 'US', 'Montclair'),
	(1062, 'US', 'Rio Rico'),
	(1063, 'US', 'Williamsburg'),
	(1064, 'US', 'Port Lavaca'),
	(1065, 'US', 'Royston'),
	(1066, 'US', 'Elkridge'),
	(1067, 'US', 'Covington'),
	(1068, 'US', 'Goodyear'),
	(1069, 'US', 'Nogales'),
	(1070, 'US', 'Cherokee'),
	(1071, 'US', 'Los Gatos'),
	(1072, 'US', 'Camarillo'),
	(1073, 'US', 'Winslow'),
	(1074, 'US', 'Teaneck'),
	(1075, 'US', 'Peoria'),
	(1076, 'US', 'Pleasanton'),
	(1077, 'US', 'Charlotte'),
	(1078, 'US', 'Shelton'),
	(1079, 'US', 'Arizona City'),
	(1080, 'US', 'Victorville'),
	(1081, 'US', 'Savoy'),
	(1082, 'US', 'Swedesboro'),
	(1083, 'US', 'Eufaula'),
	(1084, 'US', 'Bellerose'),
	(1085, 'US', 'Valley Stream'),
	(1086, 'US', 'Warrior'),
	(1087, 'US', 'Daleville'),
	(1088, 'US', 'Trussville'),
	(1089, 'US', 'Enterprise'),
	(1090, 'US', 'Lexington Park'),
	(1091, 'US', 'Arab'),
	(1092, 'US', 'Moundville'),
	(1093, 'US', 'Verbena'),
	(1094, 'US', 'Voorhees'),
	(1095, 'US', 'Yucaipa'),
	(1096, 'US', 'Tuscaloosa'),
	(1097, 'US', 'Scottsboro'),
	(1098, 'US', 'Port Washington'),
	(1099, 'US', 'Lansing'),
	(1100, 'US', 'Escondido'),
	(1101, 'US', 'Simi Valley'),
	(1102, 'US', 'Lake Oswego'),
	(1103, 'US', 'Spring Valley'),
	(1104, 'US', 'Marlboro'),
	(1105, 'US', 'Chula Vista'),
	(1106, 'US', 'Tulare'),
	(1107, 'US', 'Rancho Santa Fe'),
	(1108, 'US', 'Island Heights'),
	(1109, 'US', 'Encinitas'),
	(1110, 'US', 'Saint Petersburg'),
	(1111, 'US', 'North Miami Beach'),
	(1112, 'US', 'El Cajon'),
	(1113, 'US', 'Silver City'),
	(1114, 'US', 'La Jolla'),
	(1115, 'US', 'North Bergen'),
	(1116, 'US', 'Vista'),
	(1117, 'US', 'Sanger'),
	(1118, 'US', 'Aurora'),
	(1119, 'US', 'Coronado'),
	(1120, 'US', 'Calexico'),
	(1121, 'US', 'Poway'),
	(1122, 'US', 'Buffalo'),
	(1123, 'US', 'Millersburg'),
	(1124, 'US', 'West Hills'),
	(1125, 'US', 'Carpinteria'),
	(1126, 'US', 'Santa Barbara'),
	(1127, 'US', 'North Hills'),
	(1128, 'US', 'Redlands'),
	(1129, 'US', 'Woodland Hills'),
	(1130, 'US', 'Rohnert Park'),
	(1131, 'US', 'Northridge'),
	(1132, 'US', 'Lompoc'),
	(1133, 'US', 'Nipomo'),
	(1134, 'US', 'Islamorada'),
	(1135, 'US', 'Santa Ana'),
	(1136, 'US', 'Palmdale'),
	(1137, 'US', 'Encino'),
	(1138, 'US', 'Maumee'),
	(1139, 'US', 'Sylmar'),
	(1140, 'US', 'Santa Maria'),
	(1141, 'US', 'Santa Ynez'),
	(1142, 'US', 'Saint Marys'),
	(1143, 'US', 'Ellicottville'),
	(1144, 'US', 'Snowshoe'),
	(1145, 'US', 'Niagara Falls'),
	(1146, 'US', 'Goleta'),
	(1147, 'US', 'Morris Plains'),
	(1148, 'US', 'Thousand Oaks'),
	(1149, 'US', 'Montgomery Village'),
	(1150, 'US', 'Grand Junction'),
	(1151, 'US', 'Fort Wayne'),
	(1152, 'US', 'Billerica'),
	(1153, 'US', 'Katy'),
	(1154, 'US', 'Fort Mill'),
	(1155, 'US', 'Beverly'),
	(1156, 'US', 'Belleville'),
	(1157, 'US', 'Bradford'),
	(1158, 'US', 'Tonawanda'),
	(1159, 'US', 'Westport'),
	(1160, 'US', 'Racine'),
	(1161, 'US', 'Plainfield'),
	(1162, 'US', 'Revere'),
	(1163, 'US', 'Glen Carbon'),
	(1164, 'US', 'Chelmsford'),
	(1165, 'US', 'Annapolis'),
	(1166, 'US', 'Castle Rock'),
	(1167, 'US', 'Madison Heights'),
	(1168, 'US', 'Clifton'),
	(1169, 'US', 'Sedona'),
	(1170, 'US', 'Brentwood'),
	(1171, 'US', 'Rome'),
	(1172, 'US', 'Dunellen'),
	(1173, 'US', 'Visalia'),
	(1174, 'US', 'Nashua'),
	(1175, 'US', 'Contoocook'),
	(1176, 'US', 'West Wardsboro'),
	(1177, 'US', 'Ludlow'),
	(1178, 'US', 'Rutland'),
	(1179, 'US', 'Berlin'),
	(1180, 'US', 'Merrimack'),
	(1181, 'US', 'Highland Park'),
	(1182, 'US', 'Bow'),
	(1183, 'US', 'Cockeysville'),
	(1184, 'US', 'Salem'),
	(1185, 'US', 'Stratham'),
	(1186, 'US', 'Southington'),
	(1187, 'US', 'Colebrook'),
	(1188, 'US', 'Pittsfield'),
	(1189, 'US', 'Windsor'),
	(1190, 'US', 'South Tamworth'),
	(1191, 'US', 'Meredith'),
	(1192, 'US', 'Utica'),
	(1193, 'US', 'Lebanon'),
	(1194, 'US', 'San Leandro'),
	(1195, 'US', 'Matteson'),
	(1196, 'US', 'Maryville'),
	(1197, 'US', 'Duxbury'),
	(1198, 'US', 'Edwardsville'),
	(1199, 'US', 'Wakefield'),
	(1200, 'US', 'Lynn'),
	(1201, 'US', 'Allston'),
	(1202, 'US', 'Valley Springs'),
	(1203, 'US', 'Plymouth'),
	(1204, 'US', 'Bethalto'),
	(1205, 'US', 'Redford'),
	(1206, 'US', 'Burnsville'),
	(1207, 'US', 'Eden Prairie'),
	(1208, 'US', 'Hopkins'),
	(1209, 'US', 'Lindstrom'),
	(1210, 'US', 'Darien'),
	(1211, 'US', 'Hartford'),
	(1212, 'US', 'Elmwood Park'),
	(1213, 'US', 'Thorndale'),
	(1214, 'US', 'Greensboro'),
	(1215, 'US', 'Fort Pierce'),
	(1216, 'US', 'New City'),
	(1217, 'US', 'Morton'),
	(1218, 'US', 'Kaplan'),
	(1219, 'US', 'Oregon'),
	(1220, 'US', 'Davenport'),
	(1221, 'US', 'Mapleton'),
	(1222, 'US', 'Cedar Rapids'),
	(1223, 'US', 'Moline'),
	(1224, 'US', 'Milan'),
	(1225, 'US', 'Crystal Lake'),
	(1226, 'US', 'Philipsburg'),
	(1227, 'US', 'Iowa City'),
	(1228, 'US', 'Conway'),
	(1229, 'US', 'Rock Island'),
	(1230, 'US', 'Pekin'),
	(1231, 'US', 'San Dimas'),
	(1232, 'US', 'Van Nuys'),
	(1233, 'US', 'Beaver'),
	(1234, 'US', 'Tonkawa'),
	(1235, 'US', 'London'),
	(1236, 'US', 'Fort Lauderdale'),
	(1237, 'US', 'Lakeville'),
	(1238, 'US', 'Saint Cloud'),
	(1239, 'US', 'Minong'),
	(1240, 'US', 'Fairfax'),
	(1241, 'US', 'Kalkaska'),
	(1242, 'US', 'Zeeland'),
	(1243, 'US', 'Hillman'),
	(1244, 'US', 'Tustin'),
	(1245, 'US', 'New Britain'),
	(1246, 'US', 'Hastings'),
	(1247, 'US', 'Avon'),
	(1248, 'US', 'Chanhassen'),
	(1249, 'US', 'New London'),
	(1250, 'US', 'Marshall'),
	(1251, 'US', 'San Ramon'),
	(1252, 'US', 'Bellmore'),
	(1253, 'US', 'Stafford'),
	(1254, 'US', 'Waterbury'),
	(1255, 'US', 'Chaska'),
	(1256, 'US', 'Mahnomen'),
	(1257, 'US', 'Wichita'),
	(1258, 'US', 'Ridgefield'),
	(1259, 'US', 'Loyalton'),
	(1260, 'US', 'Long Beach'),
	(1261, 'US', 'Mount Pleasant'),
	(1262, 'US', 'Bartlesville'),
	(1263, 'US', 'Bristow'),
	(1264, 'US', 'Ponca City'),
	(1265, 'US', 'Waldron'),
	(1266, 'US', 'Rotan'),
	(1267, 'US', 'Hutchinson'),
	(1268, 'US', 'Mather'),
	(1269, 'US', 'Grand Prairie'),
	(1270, 'US', 'Bastrop'),
	(1271, 'US', 'South Deerfield'),
	(1272, 'US', 'Starkville'),
	(1273, 'US', 'Sacramento'),
	(1274, 'US', 'Longview'),
	(1275, 'US', 'Rifle'),
	(1276, 'US', 'Linthicum Heights'),
	(1277, 'US', 'Wallingford'),
	(1278, 'US', 'Lindsay'),
	(1279, 'US', 'Coppell'),
	(1280, 'US', 'Brecksville'),
	(1281, 'US', 'Mount Enterprise'),
	(1282, 'US', 'Durango'),
	(1283, 'US', 'Jordan'),
	(1284, 'US', 'Des Plaines'),
	(1285, 'US', 'Hurst'),
	(1286, 'US', 'Monaca'),
	(1287, 'US', 'Lubbock'),
	(1288, 'US', 'Panama City Beach'),
	(1289, 'US', 'Edelstein'),
	(1290, 'US', 'Sinsinawa'),
	(1291, 'US', 'Cranston'),
	(1292, 'US', 'East Moline'),
	(1293, 'US', 'Metamora'),
	(1294, 'US', 'Ontonagon'),
	(1295, 'US', 'Greenbrier'),
	(1296, 'US', 'Havana'),
	(1297, 'US', 'Hilton Head Island'),
	(1298, 'US', 'Saint Augustine'),
	(1299, 'US', 'Strongsville'),
	(1300, 'US', 'Carson City'),
	(1301, 'US', 'Stockton'),
	(1302, 'US', 'Woodridge'),
	(1303, 'US', 'Hinsdale'),
	(1304, 'US', 'Cabery'),
	(1305, 'US', 'Brighton'),
	(1306, 'US', 'Saint Charles'),
	(1307, 'US', 'Osseo'),
	(1308, 'US', 'Mattituck'),
	(1309, 'US', 'Independence'),
	(1310, 'US', 'Hayward'),
	(1311, 'US', 'Roanoke'),
	(1312, 'US', 'Danville'),
	(1313, 'US', 'La Crescenta'),
	(1314, 'US', 'Beachwood'),
	(1315, 'US', 'Temple City'),
	(1316, 'US', 'Fawn Grove'),
	(1317, 'US', 'Menlo Park'),
	(1318, 'US', 'Maywood'),
	(1319, 'US', 'Dublin'),
	(1320, 'US', 'Bend'),
	(1321, 'US', 'Deerfield Beach'),
	(1322, 'US', 'Mandan'),
	(1323, 'US', 'San Mateo'),
	(1324, 'US', 'Elk River'),
	(1325, 'US', 'Belle Plaine'),
	(1326, 'US', 'Cape Canaveral'),
	(1327, 'US', 'Brisbane'),
	(1328, 'US', 'Brooksville'),
	(1329, 'US', 'Rutherfordton'),
	(1330, 'US', 'North Stonington'),
	(1331, 'US', 'Warroad'),
	(1332, 'US', 'Grafton'),
	(1333, 'US', 'La Verne'),
	(1334, 'US', 'San Clemente'),
	(1335, 'US', 'Fountain Valley'),
	(1336, 'US', 'Diamond Bar'),
	(1337, 'US', 'Costa Mesa'),
	(1338, 'US', 'Azusa'),
	(1339, 'US', 'Clover'),
	(1340, 'US', 'Belton'),
	(1341, 'US', 'Walnut'),
	(1342, 'US', 'Crofton'),
	(1343, 'US', 'Westlake Village'),
	(1344, 'US', 'Temecula'),
	(1345, 'US', 'Fullerton'),
	(1346, 'US', 'Brea'),
	(1347, 'US', 'Georgetown'),
	(1348, 'US', 'East Aurora'),
	(1349, 'US', 'Kent'),
	(1350, 'US', 'Laguna Hills'),
	(1351, 'US', 'Aliso Viejo'),
	(1352, 'US', 'La Puente'),
	(1353, 'US', 'Yorba Linda'),
	(1354, 'US', 'Pomona'),
	(1355, 'US', 'Augusta'),
	(1356, 'US', 'Chico'),
	(1357, 'US', 'Moorpark'),
	(1358, 'US', 'Neenah'),
	(1359, 'US', 'Schaumburg'),
	(1360, 'US', 'Elgin'),
	(1361, 'US', 'Itasca'),
	(1362, 'US', 'Cairo'),
	(1363, 'US', 'Mchenry'),
	(1364, 'US', 'Rolling Meadows'),
	(1365, 'US', 'Lincolnshire'),
	(1366, 'US', 'State College'),
	(1367, 'US', 'Vernon Hills'),
	(1368, 'US', 'Elizabeth'),
	(1369, 'US', 'Greeley'),
	(1370, 'US', 'Mansfield'),
	(1371, 'US', 'Amf Ohare'),
	(1372, 'US', 'Knoxville'),
	(1373, 'US', 'North Richland Hills'),
	(1374, 'US', 'Diamond Springs'),
	(1375, 'US', 'Bloomingdale'),
	(1376, 'US', 'Arlington Heights'),
	(1377, 'US', 'Pampa'),
	(1378, 'US', 'Mundelein'),
	(1379, 'US', 'Barrington'),
	(1380, 'US', 'Dekalb'),
	(1381, 'US', 'Newcastle'),
	(1382, 'US', 'Rockville'),
	(1383, 'US', 'Bensenville'),
	(1384, 'US', 'Roselle'),
	(1385, 'US', 'Germantown'),
	(1386, 'US', 'Shelburne'),
	(1387, 'US', 'South Burlington'),
	(1388, 'US', 'North Troy'),
	(1389, 'US', 'Ballston Lake'),
	(1390, 'US', 'Clifton Park'),
	(1391, 'US', 'Newport'),
	(1392, 'US', 'Jeffersonville'),
	(1393, 'US', 'East Greenbush'),
	(1394, 'US', 'Carney'),
	(1395, 'US', 'Cobleskill'),
	(1396, 'US', 'Schenectady'),
	(1397, 'US', 'Voorheesville'),
	(1398, 'US', 'Gansevoort'),
	(1399, 'US', 'Somers'),
	(1400, 'US', 'West Hollywood'),
	(1401, 'US', 'Chatsworth'),
	(1402, 'US', 'Shelby'),
	(1403, 'US', 'Rouses Point'),
	(1404, 'US', 'Montpelier'),
	(1405, 'US', 'Asheville'),
	(1406, 'US', 'Hogansburg'),
	(1407, 'US', 'Fultonville'),
	(1408, 'US', 'Saratoga Springs'),
	(1409, 'US', 'Keeseville'),
	(1410, 'US', 'Athens'),
	(1411, 'US', 'Colchester'),
	(1412, 'US', 'Stowe'),
	(1413, 'US', 'Essex Junction'),
	(1414, 'US', 'Valparaiso'),
	(1415, 'US', 'Dyer'),
	(1416, 'US', 'Merrillville'),
	(1417, 'US', 'Manteno'),
	(1418, 'US', 'Saint Anne'),
	(1419, 'US', 'Harvey'),
	(1420, 'US', 'Sheldon'),
	(1421, 'US', 'New Buffalo'),
	(1422, 'US', 'Chicago Heights'),
	(1423, 'US', 'Kankakee'),
	(1424, 'US', 'Chilhowie'),
	(1425, 'US', 'Gaithersburg'),
	(1426, 'US', 'North Hollywood'),
	(1427, 'US', 'Hillsborough'),
	(1428, 'US', 'Dunn'),
	(1429, 'US', 'Sulphur'),
	(1430, 'US', 'Novato'),
	(1431, 'US', 'Angier'),
	(1432, 'US', 'Warsaw'),
	(1433, 'US', 'Riverview'),
	(1434, 'US', 'Wallace'),
	(1435, 'US', 'Kill Devil Hills'),
	(1436, 'US', 'Greer'),
	(1437, 'US', 'Bedminster'),
	(1438, 'US', 'Fort Cobb'),
	(1439, 'US', 'Southport'),
	(1440, 'US', 'Pittsboro'),
	(1441, 'US', 'Anderson'),
	(1442, 'US', 'Hiawassee'),
	(1443, 'US', 'Bishop'),
	(1444, 'US', 'West Sacramento'),
	(1445, 'US', 'Agoura Hills'),
	(1446, 'US', 'Garland'),
	(1447, 'US', 'Stockbridge'),
	(1448, 'US', 'Dothan'),
	(1449, 'US', 'Placerville'),
	(1450, 'US', 'Goldsboro'),
	(1451, 'US', 'High Point'),
	(1452, 'US', 'Wilson'),
	(1453, 'US', 'Statesville'),
	(1454, 'US', 'Clinton'),
	(1455, 'US', 'Williamston'),
	(1456, 'US', 'Glasgow'),
	(1457, 'US', 'Antioch'),
	(1458, 'US', 'Palm Beach Gardens'),
	(1459, 'US', 'Deer Lodge'),
	(1460, 'US', 'White House'),
	(1461, 'US', 'Reno'),
	(1462, 'US', 'Mayfield'),
	(1463, 'US', 'Elizabethton'),
	(1464, 'US', 'Fort Valley'),
	(1465, 'US', 'Madisonville'),
	(1466, 'US', 'La Vergne'),
	(1467, 'US', 'Smyrna'),
	(1468, 'US', 'Holly Springs'),
	(1469, 'US', 'Harrisburg'),
	(1470, 'US', 'Cookeville'),
	(1471, 'US', 'Cave City'),
	(1472, 'US', 'Paducah'),
	(1473, 'US', 'Mount Juliet'),
	(1474, 'US', 'Tullahoma'),
	(1475, 'US', 'Marysville'),
	(1476, 'US', 'Goodlettsville'),
	(1477, 'US', 'Princeton'),
	(1478, 'US', 'Madison'),
	(1479, 'US', 'Lafayette'),
	(1480, 'US', 'Oak Grove'),
	(1481, 'US', 'Morgantown'),
	(1482, 'US', 'Crossville'),
	(1483, 'US', 'Harper Woods'),
	(1484, 'US', 'Fort Bragg'),
	(1485, 'US', 'Avila Beach'),
	(1486, 'US', 'Martin'),
	(1487, 'US', 'Hendersonville'),
	(1488, 'US', 'Huntersville'),
	(1489, 'US', 'Lumberton'),
	(1490, 'US', 'Spartanburg'),
	(1491, 'US', 'Lenoir'),
	(1492, 'US', 'Ravenel'),
	(1493, 'US', 'West Nyack'),
	(1494, 'US', 'Piedmont'),
	(1495, 'US', 'Thomasville'),
	(1496, 'US', 'Kings Mountain'),
	(1497, 'US', 'Mount Holly'),
	(1498, 'US', 'Mooresville'),
	(1499, 'US', 'Port Chester'),
	(1500, 'US', 'Arden'),
	(1501, 'US', 'Conover'),
	(1502, 'US', 'Laurinburg'),
	(1503, 'US', 'Kingsport'),
	(1504, 'US', 'Littleton'),
	(1505, 'US', 'Johnson City'),
	(1506, 'US', 'Sterling Forest'),
	(1507, 'US', 'Wellford'),
	(1508, 'US', 'Loves Park'),
	(1509, 'US', 'Stamford'),
	(1510, 'US', 'Skillman'),
	(1511, 'US', 'Cranbury'),
	(1512, 'US', 'Novi'),
	(1513, 'US', 'Monroe Township'),
	(1514, 'US', 'Plainsboro'),
	(1515, 'US', 'North Las Vegas'),
	(1516, 'US', 'Mandeville'),
	(1517, 'US', 'Oxnard'),
	(1518, 'US', 'Marion'),
	(1519, 'US', 'Syosset'),
	(1520, 'US', 'Kinston'),
	(1521, 'US', 'Rancocas'),
	(1522, 'US', 'Princeton Junction'),
	(1523, 'US', 'Monmouth Junction'),
	(1524, 'US', 'Hightstown'),
	(1525, 'US', 'Hainesport'),
	(1526, 'US', 'Edwards'),
	(1527, 'US', 'Waukesha'),
	(1528, 'US', 'Marble Falls'),
	(1529, 'US', 'Fountain Inn'),
	(1530, 'US', 'Schiller Park'),
	(1531, 'US', 'Stringtown'),
	(1532, 'US', 'Sisters'),
	(1533, 'US', 'Westlake'),
	(1534, 'US', 'Cherry Hill'),
	(1535, 'US', 'Egg Harbor Township'),
	(1536, 'US', 'Monroe'),
	(1537, 'US', 'Broken Bow'),
	(1538, 'US', 'Hammonton'),
	(1539, 'US', 'Tuckerton'),
	(1540, 'US', 'Roseburg'),
	(1541, 'US', 'Absecon'),
	(1542, 'US', 'San Rafael'),
	(1543, 'US', 'Altoona'),
	(1544, 'US', 'Chambersburg'),
	(1545, 'US', 'Du Bois'),
	(1546, 'US', 'Bellefonte'),
	(1547, 'US', 'Hummelstown'),
	(1548, 'US', 'Bird In Hand'),
	(1549, 'US', 'York'),
	(1550, 'US', 'Gratz'),
	(1551, 'US', 'Mercersburg'),
	(1552, 'US', 'Mechanicsburg'),
	(1553, 'US', 'Medina'),
	(1554, 'US', 'Wadsworth'),
	(1555, 'US', 'Halethorpe'),
	(1556, 'US', 'New Castle'),
	(1557, 'US', 'Warrendale'),
	(1558, 'US', 'Bridgeville'),
	(1559, 'US', 'Perryopolis'),
	(1560, 'US', 'Derwent'),
	(1561, 'US', 'Aliquippa'),
	(1562, 'US', 'Friedens'),
	(1563, 'US', 'Mercer'),
	(1564, 'US', 'Baytown'),
	(1565, 'US', 'Carlinville'),
	(1566, 'US', 'Panama City'),
	(1567, 'US', 'Monroeville'),
	(1568, 'US', 'Portage'),
	(1569, 'US', 'Ann Arbor'),
	(1570, 'US', 'Friendsville'),
	(1571, 'US', 'Eighty Four'),
	(1572, 'US', 'Davis'),
	(1573, 'US', 'Braddock'),
	(1574, 'US', 'Hernando'),
	(1575, 'US', 'Selmer'),
	(1576, 'US', 'Freeman'),
	(1577, 'US', 'Blue Springs'),
	(1578, 'US', 'Leawood'),
	(1579, 'US', 'Shady Cove'),
	(1580, 'US', 'Topeka'),
	(1581, 'US', 'Raymore'),
	(1582, 'US', 'Bethany'),
	(1583, 'US', 'Osceola'),
	(1584, 'US', 'Shawnee'),
	(1585, 'US', 'Higginsville'),
	(1586, 'US', 'Lawrence'),
	(1587, 'US', 'North Highlands'),
	(1588, 'US', 'Powhattan'),
	(1589, 'US', 'Stanberry'),
	(1590, 'US', 'Emporia'),
	(1591, 'US', 'Salina'),
	(1592, 'US', 'Morrilton'),
	(1593, 'US', 'Sheridan'),
	(1594, 'US', 'Leavenworth'),
	(1595, 'US', 'Monett'),
	(1596, 'US', 'Saint Joseph'),
	(1597, 'US', 'Broken Arrow'),
	(1598, 'US', 'Lees Summit'),
	(1599, 'US', 'Orland Park'),
	(1600, 'US', 'Manhattan'),
	(1601, 'US', 'Westbrook'),
	(1602, 'US', 'Harrisonville'),
	(1603, 'US', 'New Salisbury'),
	(1604, 'US', 'Myrtle Beach'),
	(1605, 'US', 'Liberty Corner'),
	(1606, 'US', 'El Dorado'),
	(1607, 'US', 'Boonville'),
	(1608, 'US', 'Burlingame'),
	(1609, 'US', 'Cameron'),
	(1610, 'US', 'Palo Alto'),
	(1611, 'US', 'Warrington'),
	(1612, 'US', 'Temple'),
	(1613, 'US', 'Robinson'),
	(1614, 'US', 'Carlyle'),
	(1615, 'US', 'Redwood City'),
	(1616, 'US', 'Terre Haute'),
	(1617, 'US', 'Carbondale'),
	(1618, 'US', 'Shelbyville'),
	(1619, 'US', 'Los Altos'),
	(1620, 'US', 'De Pere'),
	(1621, 'US', 'Baileys Harbor'),
	(1622, 'US', 'New Haven'),
	(1623, 'US', 'Sterlington'),
	(1624, 'US', 'San Carlos'),
	(1625, 'US', 'North Haven'),
	(1626, 'US', 'Millbrae'),
	(1627, 'US', 'Chiloquin'),
	(1628, 'US', 'Union City'),
	(1629, 'US', 'Allendale'),
	(1630, 'US', 'Oneonta'),
	(1631, 'US', 'Eugene'),
	(1632, 'US', 'Connersville'),
	(1633, 'US', 'Nicolaus'),
	(1634, 'US', 'Ashland'),
	(1635, 'US', 'Sergeant Bluff'),
	(1636, 'US', 'Morganton'),
	(1637, 'US', 'Paris'),
	(1638, 'US', 'Wilmette'),
	(1639, 'US', 'Sioux City'),
	(1640, 'US', 'Council Bluffs'),
	(1641, 'US', 'Southaven'),
	(1642, 'US', 'Windsor Mill'),
	(1643, 'US', 'Blair'),
	(1644, 'US', 'Spencer'),
	(1645, 'US', 'Little Falls'),
	(1646, 'US', 'Hartland'),
	(1647, 'US', 'Denison'),
	(1648, 'US', 'Klamath Falls'),
	(1649, 'US', 'Linton'),
	(1650, 'US', 'Mohave Valley'),
	(1651, 'US', 'Mayville'),
	(1652, 'US', 'Tangent'),
	(1653, 'US', 'Hooper'),
	(1654, 'US', 'Wisner'),
	(1655, 'US', 'Tucker'),
	(1656, 'US', 'Choudrant'),
	(1657, 'US', 'Demopolis'),
	(1658, 'US', 'Vernon'),
	(1659, 'US', 'Buffalo Grove'),
	(1660, 'US', 'Andalusia'),
	(1661, 'US', 'Bessemer'),
	(1662, 'US', 'Meridian'),
	(1663, 'US', 'Pelham'),
	(1664, 'US', 'Elba'),
	(1665, 'US', 'Union Springs'),
	(1666, 'US', 'Decatur'),
	(1667, 'US', 'Corvallis'),
	(1668, 'US', 'Hazelwood'),
	(1669, 'US', 'East Peoria'),
	(1670, 'US', 'Conley'),
	(1671, 'US', 'Big Sky'),
	(1672, 'US', 'Dandridge'),
	(1673, 'US', 'Greensburg'),
	(1674, 'US', 'Bradenton'),
	(1675, 'US', 'Youngstown'),
	(1676, 'US', 'Morrow'),
	(1677, 'US', 'Aiken'),
	(1678, 'US', 'Steamboat Springs'),
	(1679, 'US', 'Virginia Beach'),
	(1680, 'US', 'Butler'),
	(1681, 'US', 'Gilchrist'),
	(1682, 'US', 'Vancouver'),
	(1683, 'US', 'Macon'),
	(1684, 'US', 'Dexter'),
	(1685, 'US', 'Flower Mound'),
	(1686, 'US', 'Bluffton'),
	(1687, 'US', 'Dripping Springs'),
	(1688, 'US', 'West Salem'),
	(1689, 'US', 'Clackamas'),
	(1690, 'US', 'Oregon City'),
	(1691, 'US', 'Washougal'),
	(1692, 'US', 'Belle Glade'),
	(1693, 'US', 'Junction City'),
	(1694, 'US', 'Wilsonville'),
	(1695, 'US', 'Pennsauken'),
	(1696, 'US', 'Lakehead'),
	(1697, 'US', 'Winter Park'),
	(1698, 'US', 'Kissimmee'),
	(1699, 'US', 'Fitzgerald'),
	(1700, 'US', 'Hagerstown'),
	(1701, 'US', 'Ripley'),
	(1702, 'US', 'Turlock'),
	(1703, 'US', 'Lake Mary'),
	(1704, 'US', 'Ocala'),
	(1705, 'US', 'Melbourne'),
	(1706, 'US', 'Hillsboro'),
	(1707, 'US', 'Kalama'),
	(1708, 'US', 'Gresham'),
	(1709, 'US', 'Far Hills'),
	(1710, 'US', 'Hialeah'),
	(1711, 'US', 'Vero Beach'),
	(1712, 'US', 'Sealy'),
	(1713, 'US', 'North Fort Myers'),
	(1714, 'US', 'Parsippany'),
	(1715, 'US', 'Schertz'),
	(1716, 'US', 'North Palm Beach'),
	(1717, 'US', 'Naples'),
	(1718, 'US', 'Polk City'),
	(1719, 'US', 'Dilley'),
	(1720, 'US', 'Nederland'),
	(1721, 'US', 'Punta Gorda'),
	(1722, 'US', 'Auburndale'),
	(1723, 'US', 'Lake Wales'),
	(1724, 'US', 'Mendenhall'),
	(1725, 'US', 'Donaldsonville'),
	(1726, 'US', 'Hammond'),
	(1727, 'US', 'Axis'),
	(1728, 'US', 'South Padre Island'),
	(1729, 'US', 'Kalamazoo'),
	(1730, 'US', 'Brandon'),
	(1731, 'US', 'Encinal'),
	(1732, 'US', 'Laurel'),
	(1733, 'US', 'Willamina'),
	(1734, 'US', 'Niceville'),
	(1735, 'US', 'Victoria'),
	(1736, 'US', 'Pensacola'),
	(1737, 'US', 'Ridgeland'),
	(1738, 'US', 'New Iberia'),
	(1739, 'US', 'Seabrook'),
	(1740, 'US', 'Millsboro'),
	(1741, 'US', 'Huntingdon Valley'),
	(1742, 'US', 'Westville'),
	(1743, 'US', 'Queenstown'),
	(1744, 'US', 'Delmar'),
	(1745, 'US', 'Savage'),
	(1746, 'US', 'Bowling Green'),
	(1747, 'US', 'Langhorne'),
	(1748, 'US', 'Jenkintown'),
	(1749, 'US', 'Dickinson'),
	(1750, 'US', 'Altamonte Springs'),
	(1751, 'US', 'Galveston'),
	(1752, 'US', 'Weare'),
	(1753, 'US', 'Parkersburg'),
	(1754, 'US', 'Benton Ridge'),
	(1755, 'US', 'Waverly'),
	(1756, 'US', 'Hilliard'),
	(1757, 'US', 'Alva'),
	(1758, 'US', 'Akron'),
	(1759, 'US', 'Roxana'),
	(1760, 'US', 'Plain City'),
	(1761, 'US', 'Fishers'),
	(1762, 'US', 'Grayson'),
	(1763, 'US', 'Saint Albans'),
	(1764, 'US', 'Carroll'),
	(1765, 'US', 'Gallagher'),
	(1766, 'US', 'Grove City'),
	(1767, 'US', 'Stow'),
	(1768, 'US', 'Humble'),
	(1769, 'US', 'Texas City'),
	(1770, 'US', 'Scott Depot'),
	(1771, 'US', 'Xenia'),
	(1772, 'US', 'Beckley'),
	(1773, 'US', 'Canal Winchester'),
	(1774, 'US', 'Reynoldsburg'),
	(1775, 'US', 'Lock Haven'),
	(1776, 'US', 'Piketon'),
	(1777, 'US', 'Annapolis Junction'),
	(1778, 'US', 'Haymarket'),
	(1779, 'US', 'Lorton'),
	(1780, 'US', 'Kingdom City'),
	(1781, 'US', 'Chantilly'),
	(1782, 'US', 'Fort Washington'),
	(1783, 'US', 'Woodbridge'),
	(1784, 'US', 'Leonardtown'),
	(1785, 'US', 'Compton'),
	(1786, 'US', 'Richfield'),
	(1787, 'US', 'Accokeek'),
	(1788, 'US', 'Weyers Cave'),
	(1789, 'US', 'Chippewa Falls'),
	(1790, 'US', 'Potomac'),
	(1791, 'US', 'Waldorf'),
	(1792, 'US', 'Brookfield'),
	(1793, 'US', 'Bonita Springs'),
	(1794, 'US', 'Mechanicsville'),
	(1795, 'US', 'Mifflintown'),
	(1796, 'US', 'Hopedale'),
	(1797, 'US', 'Wylie'),
	(1798, 'US', 'Smithfield'),
	(1799, 'US', 'New Windsor'),
	(1800, 'US', 'Blauvelt'),
	(1801, 'US', 'Tarrytown'),
	(1802, 'US', 'Rye'),
	(1803, 'US', 'White Plains'),
	(1804, 'US', 'Harrison'),
	(1805, 'US', 'Peekskill'),
	(1806, 'US', 'Kingston'),
	(1807, 'US', 'New Rochelle'),
	(1808, 'US', 'Brewster'),
	(1809, 'US', 'Newburgh'),
	(1810, 'US', 'Lagrangeville'),
	(1811, 'US', 'Bakersville'),
	(1812, 'US', 'Wappingers Falls'),
	(1813, 'US', 'Valley Cottage'),
	(1814, 'US', 'College Station'),
	(1815, 'US', 'Hauppauge'),
	(1816, 'US', 'Nanuet'),
	(1817, 'US', 'Briarcliff Manor'),
	(1818, 'US', 'Woodbury'),
	(1819, 'US', 'Ossining'),
	(1820, 'US', 'Melville'),
	(1821, 'US', 'Saddle River'),
	(1822, 'US', 'Carlstadt'),
	(1823, 'US', 'Moonachie'),
	(1824, 'US', 'Northvale'),
	(1825, 'US', 'Mahwah'),
	(1826, 'US', 'Totowa'),
	(1827, 'US', 'Cresskill'),
	(1828, 'US', 'Hackensack'),
	(1829, 'US', 'Lakewood'),
	(1830, 'US', 'Oradell'),
	(1831, 'US', 'Beebe'),
	(1832, 'US', 'Stuttgart'),
	(1833, 'US', 'Collinston'),
	(1834, 'US', 'Owensboro'),
	(1835, 'US', 'Arkadelphia'),
	(1836, 'US', 'Milford'),
	(1837, 'US', 'Scottsburg'),
	(1838, 'US', 'Channelview'),
	(1839, 'US', 'New Boston'),
	(1840, 'US', 'Sevierville'),
	(1841, 'US', 'West Monroe'),
	(1842, 'US', 'Camden'),
	(1843, 'US', 'Farmerville'),
	(1844, 'US', 'Vivian'),
	(1845, 'US', 'Secaucus'),
	(1846, 'US', 'Charles Town'),
	(1847, 'US', 'Merkel'),
	(1848, 'US', 'Coushatta'),
	(1849, 'US', 'Calvert City'),
	(1850, 'US', 'Star City'),
	(1851, 'US', 'Gulfport'),
	(1852, 'US', 'Fall Creek'),
	(1853, 'US', 'League City'),
	(1854, 'US', 'Midland'),
	(1855, 'US', 'Kewaunee'),
	(1856, 'US', 'Harbor City'),
	(1857, 'US', 'Elkton'),
	(1858, 'US', 'Falls Church'),
	(1859, 'US', 'Fort Belvoir'),
	(1860, 'US', 'Winterhaven'),
	(1861, 'US', 'Washington Crossing'),
	(1862, 'US', 'Centreville'),
	(1863, 'US', 'Indian Orchard'),
	(1864, 'US', 'Woodford'),
	(1865, 'US', 'Muncie'),
	(1866, 'US', 'Veedersburg'),
	(1867, 'US', 'Kokomo'),
	(1868, 'US', 'Seymour'),
	(1869, 'US', 'Martinsburg'),
	(1870, 'US', 'Thoreau'),
	(1871, 'US', 'Crothersville'),
	(1872, 'US', 'Urbana'),
	(1873, 'US', 'Apple Valley'),
	(1874, 'US', 'Carmel'),
	(1875, 'US', 'Mitchell'),
	(1876, 'US', 'Westfield'),
	(1877, 'US', 'Hawthorne'),
	(1878, 'US', 'Champaign'),
	(1879, 'US', 'Big Bend'),
	(1880, 'US', 'North Vernon'),
	(1881, 'US', 'Trinity'),
	(1882, 'US', 'Danbury'),
	(1883, 'US', 'Caledonia'),
	(1884, 'US', 'Girard'),
	(1885, 'US', 'Glen Allen'),
	(1886, 'US', 'Torrance'),
	(1887, 'US', 'Frankton'),
	(1888, 'US', 'Greenwood'),
	(1889, 'US', 'Homestead'),
	(1890, 'US', 'Kinder'),
	(1891, 'US', 'Mountain Lakes'),
	(1892, 'US', 'Monterey Park'),
	(1893, 'US', 'Mill Valley'),
	(1894, 'US', 'Suisun City'),
	(1895, 'US', 'Lewis Center'),
	(1896, 'US', 'March Air Reserve Base'),
	(1897, 'US', 'Bellefontaine'),
	(1898, 'US', 'La Mesa'),
	(1899, 'US', 'Huntington'),
	(1900, 'US', 'Exeter'),
	(1901, 'US', 'Hollis'),
	(1902, 'US', 'Munster'),
	(1903, 'US', 'Framingham'),
	(1904, 'US', 'Campo'),
	(1905, 'US', 'Grandville'),
	(1906, 'US', 'Lodi'),
	(1907, 'US', 'Tewksbury'),
	(1908, 'US', 'Rayne'),
	(1909, 'US', 'Brockton'),
	(1910, 'US', 'Santa Fe Springs'),
	(1911, 'US', 'Matamoras'),
	(1912, 'US', 'Southborough'),
	(1913, 'US', 'North Chelmsford'),
	(1914, 'US', 'Destin'),
	(1915, 'US', 'Provo'),
	(1916, 'US', 'Orem'),
	(1917, 'US', 'Paramus'),
	(1918, 'US', 'Flushing'),
	(1919, 'US', 'Morgan'),
	(1920, 'US', 'Shannon'),
	(1921, 'US', 'Curtis Bay'),
	(1922, 'US', 'Bel Air'),
	(1923, 'US', 'Denton'),
	(1924, 'US', 'Tracys Landing'),
	(1925, 'US', 'Forest Hill'),
	(1926, 'US', 'Woodbine'),
	(1927, 'US', 'Abingdon'),
	(1928, 'US', 'Emeryville'),
	(1929, 'US', 'Fort George G Meade'),
	(1930, 'US', 'Sparks Glencoe'),
	(1931, 'US', 'Towson'),
	(1932, 'US', 'Rosedale'),
	(1933, 'US', 'Nottingham'),
	(1934, 'US', 'Yountville'),
	(1935, 'US', 'Middle River'),
	(1936, 'US', 'Moreno Valley'),
	(1937, 'US', 'East New Market'),
	(1938, 'US', 'Hunt Valley'),
	(1939, 'US', 'Dunkirk'),
	(1940, 'US', 'Lutherville Timonium'),
	(1941, 'US', 'South Windsor'),
	(1942, 'US', 'Chester'),
	(1943, 'US', 'Sparrows Point'),
	(1944, 'US', 'Odenton'),
	(1945, 'US', 'Owings Mills'),
	(1946, 'US', 'Jessup'),
	(1947, 'US', 'Lusby'),
	(1948, 'US', 'Edgewater'),
	(1949, 'US', 'Aberdeen'),
	(1950, 'US', 'Laguna Beach'),
	(1951, 'US', 'Saint Anthony'),
	(1952, 'US', 'Ocean City'),
	(1953, 'US', 'Sykesville'),
	(1954, 'US', 'Essex'),
	(1955, 'US', 'Taneytown'),
	(1956, 'US', 'Dundalk'),
	(1957, 'US', 'Brierfield'),
	(1958, 'US', 'Jacksonville Beach'),
	(1959, 'US', 'Hickman'),
	(1960, 'US', 'Holmdel'),
	(1961, 'US', 'Fitchburg'),
	(1962, 'US', 'Grand Rivers'),
	(1963, 'US', 'Dracut'),
	(1964, 'US', 'Clark'),
	(1965, 'US', 'West Yellowstone'),
	(1966, 'US', 'Chattanooga'),
	(1967, 'US', 'Lynch'),
	(1968, 'US', 'North Augusta'),
	(1969, 'US', 'Lamar'),
	(1970, 'US', 'Newton Highlands'),
	(1971, 'US', 'Weir'),
	(1972, 'US', 'Charlestown'),
	(1973, 'US', 'Winterville'),
	(1974, 'US', 'Whitewater'),
	(1975, 'US', 'Methuen'),
	(1976, 'US', 'Hoopeston'),
	(1977, 'US', 'Versailles'),
	(1978, 'VI', 'Kingshill'),
	(1979, 'US', 'Woods Cross'),
	(1980, 'US', 'Florence'),
	(1981, 'US', 'Park City'),
	(1982, 'US', 'Jordanville'),
	(1983, 'US', 'Longwood'),
	(1984, 'US', 'Elko'),
	(1985, 'US', 'Lavina'),
	(1986, 'US', 'Natick'),
	(1987, 'US', 'Fernandina Beach'),
	(1988, 'US', 'Maitland'),
	(1989, 'US', 'Delta'),
	(1990, 'US', 'Tyrone'),
	(1991, 'US', 'Lehi'),
	(1992, 'US', 'West Jordan'),
	(1993, 'US', 'Lake Forest'),
	(1994, 'US', 'East Alton'),
	(1995, 'US', 'Little Neck'),
	(1996, 'US', 'Wallsburg'),
	(1997, 'US', 'Plainwell'),
	(1998, 'US', 'Arnold'),
	(1999, 'US', 'American Fork'),
	(2000, 'US', 'Idaho Falls'),
	(2001, 'US', 'Bozeman'),
	(2002, 'US', 'Gardiner'),
	(2003, 'US', 'Libertyville'),
	(2004, 'US', 'Clay City'),
	(2005, 'US', 'Cassville'),
	(2006, 'US', 'Riverton'),
	(2007, 'US', 'Clive'),
	(2008, 'US', 'Boyce'),
	(2009, 'US', 'Dahlonega'),
	(2010, 'US', 'Robinsonville'),
	(2011, 'US', 'Spring Creek'),
	(2012, 'US', 'Bountiful'),
	(2013, 'US', 'Carlin'),
	(2014, 'US', 'Blackfoot'),
	(2015, 'US', 'Twain Harte'),
	(2016, 'US', 'Springville'),
	(2017, 'US', 'Boxborough'),
	(2018, 'US', 'Atkins'),
	(2019, 'US', 'Pahrump'),
	(2020, 'US', 'Muscle Shoals'),
	(2021, 'US', 'Champlain'),
	(2022, 'US', 'Winnemucca'),
	(2023, 'US', 'Hurricane'),
	(2024, 'US', 'East Elmhurst'),
	(2025, 'US', 'Mesquite'),
	(2026, 'US', 'Foothill Ranch'),
	(2027, 'US', 'Cedar Park'),
	(2028, 'US', 'Grangeville'),
	(2029, 'US', 'Nezperce'),
	(2030, 'US', 'Athol'),
	(2031, 'US', 'Sandpoint'),
	(2032, 'US', 'Pendleton'),
	(2033, 'US', 'Hermiston'),
	(2034, 'US', 'Kennewick'),
	(2035, 'US', 'Lawrenceville'),
	(2036, 'US', 'Kooskia'),
	(2037, 'US', 'Pullman'),
	(2038, 'US', 'Kirkland'),
	(2039, 'US', 'Pulaski'),
	(2040, 'US', 'Nuiqsut'),
	(2041, 'US', 'Enumclaw'),
	(2042, 'US', 'Canonsburg'),
	(2043, 'US', 'Loganville'),
	(2044, 'US', 'Sultan'),
	(2045, 'US', 'Belcamp'),
	(2046, 'US', 'Saint Michaels'),
	(2047, 'US', 'Venice'),
	(2048, 'US', 'Rising Sun'),
	(2049, 'US', 'Fort Yates'),
	(2050, 'US', 'Cerritos'),
	(269308, 'ES', 'Cascajares De La Sierra'),
	(269309, 'ES', 'Villalobar De Rioja'),
	(269310, 'GB', 'Pontymister'),
	(269311, 'GB', 'Middle Chinnock'),
	(269312, 'GB', 'West Cranmore'),
	(269313, 'ES', 'Pedroso'),
	(269314, 'ES', 'Mozaga'),
	(269315, 'ES', 'Bayas'),
	(269316, 'ES', 'Barqueros'),
	(269317, 'LT', 'Skuodo'),
	(269318, 'PT', 'Molelos'),
	(269319, 'CZ', 'Blesno'),
	(269320, 'PL', 'Pyszkowo'),
	(269321, 'GB', 'Cowthorpe'),
	(269322, 'GB', 'Flinton'),
	(269323, 'ES', 'Sorpe'),
	(269324, 'ES', 'Nava De Francia'),
	(269325, 'DE', 'Quotshausen'),
	(269326, 'DE', 'Zürchau'),
	(269327, 'DE', 'Reckertshausen'),
	(269328, 'DE', 'Beverbruch'),
	(269329, 'IT', 'Collesecco'),
	(269330, 'CZ', 'Celcice'),
	(269331, 'ES', 'Villanueva De Alcorón'),
	(269332, 'CZ', 'Oracov'),
	(269333, 'FR', 'Aubilly'),
	(269334, 'DE', 'Unterickelsheim'),
	(269335, 'RU', 'Sedelnikovo'),
	(269336, 'DE', 'Herberhausen'),
	(269337, 'DE', 'Beienheim'),
	(269338, 'DE', 'Flomersheim'),
	(269339, 'UA', 'Zhdanovka'),
	(269340, 'IE', 'Adrigole'),
	(269341, 'CZ', 'Hodesovice'),
	(269342, 'DE', 'Eschollbrücken'),
	(269343, 'GB', 'Portloe'),
	(269344, 'SK', 'Puste Cemerne'),
	(269345, 'ES', 'Ibort'),
	(269346, 'RU', 'Yusva'),
	(269347, 'UA', 'Artemowsk'),
	(269348, 'IT', 'Prazzo'),
	(269349, 'RU', 'Kowrow'),
	(269350, 'AU', 'Leigh'),
	(269351, 'TH', 'Bua Lai'),
	(269352, 'PH', 'Sual'),
	(269353, 'ZA', 'Holmdene'),
	(269354, 'GB', 'Nantlle'),
	(269355, 'IL', 'Daniyel'),
	(269356, 'RO', 'Corbsori'),
	(269357, 'TH', 'Khet Bangkok Noi'),
	(269358, 'PH', 'Pulong Buhangin'),
	(269359, 'JP', 'Soga'),
	(269360, 'MY', 'Ijok'),
	(269361, 'IN', 'Garulia'),
	(269362, 'AU', 'Minore'),
	(269363, 'IN', 'Tekanpur'),
	(269364, 'IN', 'Belgahna'),
	(269365, 'IN', 'Merta'),
	(269366, 'IN', 'Panna'),
	(269367, 'TH', 'Lamduan'),
	(269368, 'KR', 'Hwason'),
	(269369, 'AU', 'Cedar Point'),
	(269370, 'PH', 'Panapaan'),
	(269371, 'VN', 'Sa Pa'),
	(269372, 'AU', 'Goonumbla'),
	(269373, 'TH', 'Patani'),
	(269374, 'CA', 'Bas Cap Pele'),
	(269375, 'KZ', 'Bukhtarma'),
	(269376, 'AU', 'Claude Road'),
	(269377, 'ID', 'Nguter'),
	(269378, 'PH', 'Payatas'),
	(269379, 'BR', 'Mozarlândia'),
	(269380, 'AR', 'Marquesado'),
	(269381, 'BR', 'Itapanhoacanga'),
	(269382, 'MX', 'Tixpéual'),
	(269383, 'MX', 'San Miguel Ameyalco'),
	(269384, 'BR', 'Poço Central'),
	(269385, 'BR', 'Verde'),
	(269386, 'BR', 'Vista'),
	(269387, 'BR', 'São Sebastião Do Umbuzeiro'),
	(269388, 'RU', 'Chalkovo'),
	(269389, 'BR', 'Douradoquara'),
	(269390, 'MX', 'San Pedro Tultepec'),
	(269391, 'MX', 'Chalma'),
	(269392, 'MX', 'Terán'),
	(269393, 'MX', 'Melchor'),
	(269394, 'MX', 'Romero'),
	(269395, 'BR', 'Mariano'),
	(269396, 'DO', 'Cutupú'),
	(269397, 'AR', 'Tabay'),
	(269398, 'NO', 'Mundal'),
	(269399, 'GB', 'East Harlsey'),
	(269400, 'ZA', 'Pelham'),
	(269401, 'GN', 'Ratoma'),
	(269402, 'ZA', 'The Cedars'),
	(269403, 'LS', 'Morija'),
	(269404, 'EG', 'Shâwa'),
	(269405, 'PY', 'Yhú'),
	(269406, 'AU', 'Bumberrah'),
	(269407, 'JP', 'Tsubakigawa'),
	(269408, 'MY', 'Cherang Ruku'),
	(269409, 'BG', 'Belo Pole'),
	(269410, 'FR', 'Hautteville-bocage'),
	(269411, 'GB', 'Reynoldston'),
	(269412, 'PL', 'Wydartowo');

-- Volcando datos para la tabla bibliolinedb.store_country: ~251 rows (aproximadamente)
INSERT INTO `store_country` (`id`, `name`) VALUES
	('A1', 'Anonymous Proxy'),
	('A2', 'Satellite Provider'),
	('AD', 'Andorra'),
	('AE', 'United Arab Emirates'),
	('AF', 'Afghanistan'),
	('AG', 'Antigua and Barbuda'),
	('AI', 'Anguilla'),
	('AL', 'Albania'),
	('AM', 'Armenia'),
	('AO', 'Angola'),
	('AP', 'Asia/Pacific Region'),
	('AQ', 'Antarctica'),
	('AR', 'Argentina'),
	('AS', 'American Samoa'),
	('AT', 'Austria'),
	('AU', 'Australia'),
	('AW', 'Aruba'),
	('AX', 'Aland Islands'),
	('AZ', 'Azerbaijan'),
	('BA', 'Bosnia and Herzegovina'),
	('BB', 'Barbados'),
	('BD', 'Bangladesh'),
	('BE', 'Belgium'),
	('BF', 'Burkina Faso'),
	('BG', 'Bulgaria'),
	('BH', 'Bahrain'),
	('BI', 'Burundi'),
	('BJ', 'Benin'),
	('BL', 'Saint Barthelemy'),
	('BM', 'Bermuda'),
	('BN', 'Brunei Darussalam'),
	('BO', 'Bolivia'),
	('BQ', 'Bonair'),
	('BR', 'Brazil'),
	('BS', 'Bahamas'),
	('BT', 'Bhutan'),
	('BW', 'Botswana'),
	('BY', 'Belarus'),
	('BZ', 'Belize'),
	('CA', 'Canada'),
	('CC', 'Cocos (Keeling) Islands'),
	('CD', 'Cong'),
	('CF', 'Central African Republic'),
	('CG', 'Congo'),
	('CH', 'Switzerland'),
	('CI', 'Cote D\'Ivoire'),
	('CK', 'Cook Islands'),
	('CL', 'Chile'),
	('CM', 'Cameroon'),
	('CN', 'China'),
	('CO', 'Colombia'),
	('CR', 'Costa Rica'),
	('CU', 'Cuba'),
	('CV', 'Cape Verde'),
	('CW', 'Curacao'),
	('CX', 'Christmas Island'),
	('CY', 'Cyprus'),
	('CZ', 'Czech Republic'),
	('DE', 'Germany'),
	('DJ', 'Djibouti'),
	('DK', 'Denmark'),
	('DM', 'Dominica'),
	('DO', 'Dominican Republic'),
	('DZ', 'Algeria'),
	('EC', 'Ecuador'),
	('EE', 'Estonia'),
	('EG', 'Egypt'),
	('EH', 'Western Sahara'),
	('ER', 'Eritrea'),
	('ES', 'Spain'),
	('ET', 'Ethiopia'),
	('EU', 'Europe'),
	('FI', 'Finland'),
	('FJ', 'Fiji'),
	('FK', 'Falkland Islands (Malvinas)'),
	('FM', 'Micronesi'),
	('FO', 'Faroe Islands'),
	('FR', 'France'),
	('GA', 'Gabon'),
	('GB', 'United Kingdom'),
	('GD', 'Grenada'),
	('GE', 'Georgia'),
	('GF', 'French Guiana'),
	('GG', 'Guernsey'),
	('GH', 'Ghana'),
	('GI', 'Gibraltar'),
	('GL', 'Greenland'),
	('GM', 'Gambia'),
	('GN', 'Guinea'),
	('GP', 'Guadeloupe'),
	('GQ', 'Equatorial Guinea'),
	('GR', 'Greece'),
	('GS', 'South Georgia and the South Sandwich Islands'),
	('GT', 'Guatemala'),
	('GU', 'Guam'),
	('GW', 'Guinea-Bissau'),
	('GY', 'Guyana'),
	('HK', 'Hong Kong'),
	('HN', 'Honduras'),
	('HR', 'Croatia'),
	('HT', 'Haiti'),
	('HU', 'Hungary'),
	('ID', 'Indonesia'),
	('IE', 'Ireland'),
	('IL', 'Israel'),
	('IM', 'Isle of Man'),
	('IN', 'India'),
	('IO', 'British Indian Ocean Territory'),
	('IQ', 'Iraq'),
	('IR', 'Ira'),
	('IS', 'Iceland'),
	('IT', 'Italy'),
	('JE', 'Jersey'),
	('JM', 'Jamaica'),
	('JO', 'Jordan'),
	('JP', 'Japan'),
	('KE', 'Kenya'),
	('KG', 'Kyrgyzstan'),
	('KH', 'Cambodia'),
	('KI', 'Kiribati'),
	('KM', 'Comoros'),
	('KN', 'Saint Kitts and Nevis'),
	('KP', 'Kore'),
	('KR', 'Kore'),
	('KW', 'Kuwait'),
	('KY', 'Cayman Islands'),
	('KZ', 'Kazakhstan'),
	('LA', 'Lao People\'s Democratic Republic'),
	('LB', 'Lebanon'),
	('LC', 'Saint Lucia'),
	('LI', 'Liechtenstein'),
	('LK', 'Sri Lanka'),
	('LR', 'Liberia'),
	('LS', 'Lesotho'),
	('LT', 'Lithuania'),
	('LU', 'Luxembourg'),
	('LV', 'Latvia'),
	('LY', 'Libya'),
	('MA', 'Morocco'),
	('MC', 'Monaco'),
	('MD', 'Moldov'),
	('ME', 'Montenegro'),
	('MF', 'Saint Martin'),
	('MG', 'Madagascar'),
	('MH', 'Marshall Islands'),
	('MK', 'Macedonia'),
	('ML', 'Mali'),
	('MM', 'Myanmar'),
	('MN', 'Mongolia'),
	('MO', 'Macau'),
	('MP', 'Northern Mariana Islands'),
	('MQ', 'Martinique'),
	('MR', 'Mauritania'),
	('MS', 'Montserrat'),
	('MT', 'Malta'),
	('MU', 'Mauritius'),
	('MV', 'Maldives'),
	('MW', 'Malawi'),
	('MX', 'Mexico'),
	('MY', 'Malaysia'),
	('MZ', 'Mozambique'),
	('NA', 'Namibia'),
	('NC', 'New Caledonia'),
	('NE', 'Niger'),
	('NF', 'Norfolk Island'),
	('NG', 'Nigeria'),
	('NI', 'Nicaragua'),
	('NL', 'Netherlands'),
	('NO', 'Norway'),
	('NP', 'Nepal'),
	('NR', 'Nauru'),
	('NU', 'Niue'),
	('NZ', 'New Zealand'),
	('OM', 'Oman'),
	('PA', 'Panama'),
	('PE', 'Peru'),
	('PF', 'French Polynesia'),
	('PG', 'Papua New Guinea'),
	('PH', 'Philippines'),
	('PK', 'Pakistan'),
	('PL', 'Poland'),
	('PM', 'Saint Pierre and Miquelon'),
	('PN', 'Pitcairn Islands'),
	('PR', 'Puerto Rico'),
	('PS', 'Palestinian Territory'),
	('PT', 'Portugal'),
	('PW', 'Palau'),
	('PY', 'Paraguay'),
	('QA', 'Qatar'),
	('RE', 'Reunion'),
	('RO', 'Romania'),
	('RS', 'Serbia'),
	('RU', 'Russian Federation'),
	('RW', 'Rwanda'),
	('SA', 'Saudi Arabia'),
	('SB', 'Solomon Islands'),
	('SC', 'Seychelles'),
	('SD', 'Sudan'),
	('SE', 'Sweden'),
	('SG', 'Singapore'),
	('SH', 'Saint Helena'),
	('SI', 'Slovenia'),
	('SJ', 'Svalbard and Jan Mayen'),
	('SK', 'Slovakia'),
	('SL', 'Sierra Leone'),
	('SM', 'San Marino'),
	('SN', 'Senegal'),
	('SO', 'Somalia'),
	('SR', 'Suriname'),
	('SS', 'South Sudan'),
	('ST', 'Sao Tome and Principe'),
	('SV', 'El Salvador'),
	('SX', 'Sint Maarten (Dutch part)'),
	('SY', 'Syrian Arab Republic'),
	('SZ', 'Swaziland'),
	('TC', 'Turks and Caicos Islands'),
	('TD', 'Chad'),
	('TF', 'French Southern Territories'),
	('TG', 'Togo'),
	('TH', 'Thailand'),
	('TJ', 'Tajikistan'),
	('TK', 'Tokelau'),
	('TL', 'Timor-Leste'),
	('TM', 'Turkmenistan'),
	('TN', 'Tunisia'),
	('TO', 'Tonga'),
	('TR', 'Turkey'),
	('TT', 'Trinidad and Tobago'),
	('TV', 'Tuvalu'),
	('TW', 'Taiwan'),
	('TZ', 'Tanzani'),
	('UA', 'Ukraine'),
	('UG', 'Uganda'),
	('UM', 'United States Minor Outlying Islands'),
	('US', 'United States'),
	('UY', 'Uruguay'),
	('UZ', 'Uzbekistan'),
	('VA', 'Holy See (Vatican City State)'),
	('VC', 'Saint Vincent and the Grenadines'),
	('VE', 'Venezuela'),
	('VG', 'Virgin Island'),
	('VI', 'Virgin Island'),
	('VN', 'Vietnam'),
	('VU', 'Vanuatu'),
	('WF', 'Wallis and Futuna'),
	('WS', 'Samoa'),
	('YE', 'Yemen'),
	('YT', 'Mayotte'),
	('ZA', 'South Africa'),
	('ZM', 'Zambia'),
	('ZW', 'Zimbabwe');

-- Volcando datos para la tabla bibliolinedb.store_customer: ~1 rows (aproximadamente)
INSERT INTO `store_customer` (`id`, `first_name`, `last_name`, `phone`, `email`, `password`, `date`, `address`, `country`) VALUES
	(13, 'Andres Felipe', 'Quebrada Agudelo', '3125552233', 'moni_m18@hotmail.com', 'pbkdf2_sha256$600000$UXUkWY0a338Jc6eH4zXvbT$s5ZBw2sAvBs+A7Y7Ve7tsxizwSdN2BtX6qskpo+XUBo=', '2023-04-19', 'Mz 17 Cs 208 Leningrado 2', '{value.country.name}');

-- Volcando datos para la tabla bibliolinedb.store_order: ~0 rows (aproximadamente)

-- Volcando datos para la tabla bibliolinedb.store_products: ~6 rows (aproximadamente)
INSERT INTO `store_products` (`id`, `name`, `price`, `description`, `image`, `category_id`, `author`, `date_publi`, `pages`, `publisher`, `language`, `state`) VALUES
	(57, 'Libro 1', 699, '', 'uploads/products/libro1.jpg', 1, 'yo', NULL, NULL, NULL, NULL, 'Nuevo'),
	(58, 'Libro 2', 999, '', 'uploads/products/libro2.jpg', 3, 'yo', NULL, NULL, NULL, NULL, 'Nuevo'),
	(59, 'Libro 3', 399, '', 'uploads/products/libro3.jpg', 1, 'yo', NULL, NULL, NULL, NULL, 'Nuevo'),
	(60, 'Libro 4', 890, '', 'uploads/products/libro4.jpg', 3, 'yo', NULL, NULL, NULL, NULL, 'Nuevo'),
	(61, 'Libro 5', 890, '', 'uploads/products/libro5.jpg', 2, 'yo', NULL, NULL, NULL, NULL, 'Nuevo'),
	(62, 'Libro 6', 990, '', 'uploads/products/libro6.jpg', 2, 'yo', NULL, NULL, NULL, NULL, 'Nuevo');

/*!40103 SET TIME_ZONE=IFNULL(@OLD_TIME_ZONE, 'system') */;
/*!40101 SET SQL_MODE=IFNULL(@OLD_SQL_MODE, '') */;
/*!40014 SET FOREIGN_KEY_CHECKS=IFNULL(@OLD_FOREIGN_KEY_CHECKS, 1) */;
/*!40101 SET CHARACTER_SET_CLIENT=@OLD_CHARACTER_SET_CLIENT */;
/*!40111 SET SQL_NOTES=IFNULL(@OLD_SQL_NOTES, 1) */;
